uid,source_dataset,source_id,url_or_path,license,created_at,dataset_hf_id,source_config,split
c6a04d8fec67fc80,gsm8k,gsm8k_0,huggingface:gsm8k,MIT,2025-09-02T16:58:45.716314,openai/gsm8k,main,train
3bd5851f06d2aa76,gsm8k,gsm8k_1,huggingface:gsm8k,MIT,2025-09-02T16:58:45.716314,openai/gsm8k,main,train
a2e2d7ca9f35f2fe,gsm8k,gsm8k_2,huggingface:gsm8k,MIT,2025-09-02T16:58:45.716314,openai/gsm8k,main,train
ecfbfd386030a7f7,gsm8k,gsm8k_3,huggingface:gsm8k,MIT,2025-09-02T16:58:45.716314,openai/gsm8k,main,train
caf32571bc4868d4,gsm8k,gsm8k_4,huggingface:gsm8k,MIT,2025-09-02T16:58:45.716314,openai/gsm8k,main,train
59b737572f311b38,gsm8k,gsm8k_5,huggingface:gsm8k,MIT,2025-09-02T16:58:45.716314,openai/gsm8k,main,train
a5ed0039e99c8048,gsm8k,gsm8k_6,huggingface:gsm8k,MIT,2025-09-02T16:58:45.716314,openai/gsm8k,main,train
f6e5cca314beebaa,gsm8k,gsm8k_7,huggingface:gsm8k,MIT,2025-09-02T16:58:45.716314,openai/gsm8k,main,train
61e6701969ea0f14,gsm8k,gsm8k_8,huggingface:gsm8k,MIT,2025-09-02T16:58:45.716314,openai/gsm8k,main,train
f48cfb07217d600c,gsm8k,gsm8k_9,huggingface:gsm8k,MIT,2025-09-02T16:58:45.716314,openai/gsm8k,main,train
e47e71c1e23de438,gsm8k,gsm8k_10,huggingface:gsm8k,MIT,2025-09-02T16:58:45.716314,openai/gsm8k,main,train
ace16a9c91596542,gsm8k,gsm8k_11,huggingface:gsm8k,MIT,2025-09-02T16:58:45.716314,openai/gsm8k,main,train
52335a497115df91,gsm8k,gsm8k_12,huggingface:gsm8k,MIT,2025-09-02T16:58:45.716314,openai/gsm8k,main,train
58fc948c949d698d,gsm8k,gsm8k_13,huggingface:gsm8k,MIT,2025-09-02T16:58:45.716314,openai/gsm8k,main,train
3d842b0260d96682,gsm8k,gsm8k_14,huggingface:gsm8k,MIT,2025-09-02T16:58:45.716314,openai/gsm8k,main,train
a94294dccc86827f,gsm8k,gsm8k_15,huggingface:gsm8k,MIT,2025-09-02T16:58:45.716314,openai/gsm8k,main,train
e8484d6203764e1a,gsm8k,gsm8k_16,huggingface:gsm8k,MIT,2025-09-02T16:58:45.716314,openai/gsm8k,main,train
3db282484e8bf556,gsm8k,gsm8k_17,huggingface:gsm8k,MIT,2025-09-02T16:58:45.716314,openai/gsm8k,main,train
8af6d82e5c6883eb,gsm8k,gsm8k_18,huggingface:gsm8k,MIT,2025-09-02T16:58:45.716314,openai/gsm8k,main,train
30798638e1e92fd3,gsm8k,gsm8k_19,huggingface:gsm8k,MIT,2025-09-02T16:58:45.716314,openai/gsm8k,main,train
e6732cbbce5be3fe,gsm8k,gsm8k_20,huggingface:gsm8k,MIT,2025-09-02T16:58:45.716314,openai/gsm8k,main,train
a4cf595ca3267293,gsm8k,gsm8k_21,huggingface:gsm8k,MIT,2025-09-02T16:58:45.716314,openai/gsm8k,main,train
8392ca19e63fcdcb,gsm8k,gsm8k_22,huggingface:gsm8k,MIT,2025-09-02T16:58:45.716314,openai/gsm8k,main,train
3a610200fae089bd,gsm8k,gsm8k_23,huggingface:gsm8k,MIT,2025-09-02T16:58:45.716314,openai/gsm8k,main,train
2d870ec1eda5859a,gsm8k,gsm8k_24,huggingface:gsm8k,MIT,2025-09-02T16:58:45.716314,openai/gsm8k,main,train
700ec91c540735c7,gsm8k,gsm8k_25,huggingface:gsm8k,MIT,2025-09-02T16:58:45.716314,openai/gsm8k,main,train
38a147c1150bf066,gsm8k,gsm8k_26,huggingface:gsm8k,MIT,2025-09-02T16:58:45.716314,openai/gsm8k,main,train
591111ee2aafaffc,gsm8k,gsm8k_27,huggingface:gsm8k,MIT,2025-09-02T16:58:45.716314,openai/gsm8k,main,train
e26dbb6b6c7178bc,gsm8k,gsm8k_28,huggingface:gsm8k,MIT,2025-09-02T16:58:45.716314,openai/gsm8k,main,train
a3cfcdd37c3c9b68,gsm8k,gsm8k_29,huggingface:gsm8k,MIT,2025-09-02T16:58:45.716314,openai/gsm8k,main,train
d739d5479dc2daf9,gsm8k,gsm8k_30,huggingface:gsm8k,MIT,2025-09-02T16:58:45.716314,openai/gsm8k,main,train
e94ea5973c054cd9,gsm8k,gsm8k_31,huggingface:gsm8k,MIT,2025-09-02T16:58:45.716314,openai/gsm8k,main,train
695adadb125f0dc1,gsm8k,gsm8k_32,huggingface:gsm8k,MIT,2025-09-02T16:58:45.716314,openai/gsm8k,main,train
14def5074343381c,gsm8k,gsm8k_33,huggingface:gsm8k,MIT,2025-09-02T16:58:45.716314,openai/gsm8k,main,train
15e62cf41aeed163,gsm8k,gsm8k_34,huggingface:gsm8k,MIT,2025-09-02T16:58:45.716314,openai/gsm8k,main,train
73a43e38a17bd7fa,gsm8k,gsm8k_35,huggingface:gsm8k,MIT,2025-09-02T16:58:45.716314,openai/gsm8k,main,train
33217508cc8f054c,gsm8k,gsm8k_36,huggingface:gsm8k,MIT,2025-09-02T16:58:45.716314,openai/gsm8k,main,train
7ff528e842a944a4,gsm8k,gsm8k_37,huggingface:gsm8k,MIT,2025-09-02T16:58:45.716314,openai/gsm8k,main,train
1bee5c2670d97ca2,gsm8k,gsm8k_38,huggingface:gsm8k,MIT,2025-09-02T16:58:45.716314,openai/gsm8k,main,train
6f44a6f60e24b434,gsm8k,gsm8k_39,huggingface:gsm8k,MIT,2025-09-02T16:58:45.716314,openai/gsm8k,main,train
d5157388505a2819,gsm8k,gsm8k_40,huggingface:gsm8k,MIT,2025-09-02T16:58:45.716314,openai/gsm8k,main,train
3880fd447554cf43,gsm8k,gsm8k_41,huggingface:gsm8k,MIT,2025-09-02T16:58:45.716314,openai/gsm8k,main,train
97a57e4cbfe90c23,gsm8k,gsm8k_42,huggingface:gsm8k,MIT,2025-09-02T16:58:45.716314,openai/gsm8k,main,train
ffbeca4408e17b95,gsm8k,gsm8k_43,huggingface:gsm8k,MIT,2025-09-02T16:58:45.716314,openai/gsm8k,main,train
cd31c54dafae2474,gsm8k,gsm8k_44,huggingface:gsm8k,MIT,2025-09-02T16:58:45.716314,openai/gsm8k,main,train
a8b409217ead0600,gsm8k,gsm8k_45,huggingface:gsm8k,MIT,2025-09-02T16:58:45.716314,openai/gsm8k,main,train
05752f90cdf71e71,gsm8k,gsm8k_46,huggingface:gsm8k,MIT,2025-09-02T16:58:45.716314,openai/gsm8k,main,train
23ca27e3ccb20bd4,gsm8k,gsm8k_47,huggingface:gsm8k,MIT,2025-09-02T16:58:45.716314,openai/gsm8k,main,train
4743ae21b9ab3481,gsm8k,gsm8k_48,huggingface:gsm8k,MIT,2025-09-02T16:58:45.716314,openai/gsm8k,main,train
eabba730eb3a0d3c,gsm8k,gsm8k_49,huggingface:gsm8k,MIT,2025-09-02T16:58:45.716314,openai/gsm8k,main,train
eef3ef0a8bf953d6,gsm8k,gsm8k_50,huggingface:gsm8k,MIT,2025-09-02T16:58:45.716314,openai/gsm8k,main,train
ccf01914dea4a6ce,gsm8k,gsm8k_51,huggingface:gsm8k,MIT,2025-09-02T16:58:45.716314,openai/gsm8k,main,train
5e1cb860578fd6b0,gsm8k,gsm8k_52,huggingface:gsm8k,MIT,2025-09-02T16:58:45.716314,openai/gsm8k,main,train
7a100d2b9f02b5b1,gsm8k,gsm8k_53,huggingface:gsm8k,MIT,2025-09-02T16:58:45.716314,openai/gsm8k,main,train
d455c345fe98981a,gsm8k,gsm8k_54,huggingface:gsm8k,MIT,2025-09-02T16:58:45.716314,openai/gsm8k,main,train
5c5dcad5325b0b16,gsm8k,gsm8k_55,huggingface:gsm8k,MIT,2025-09-02T16:58:45.716314,openai/gsm8k,main,train
f866f2b8cadfa5f6,gsm8k,gsm8k_56,huggingface:gsm8k,MIT,2025-09-02T16:58:45.716314,openai/gsm8k,main,train
2006d91c07aabbf5,gsm8k,gsm8k_57,huggingface:gsm8k,MIT,2025-09-02T16:58:45.716314,openai/gsm8k,main,train
16a675e5d32c6e89,gsm8k,gsm8k_58,huggingface:gsm8k,MIT,2025-09-02T16:58:45.716314,openai/gsm8k,main,train
6c887896bcffa002,gsm8k,gsm8k_59,huggingface:gsm8k,MIT,2025-09-02T16:58:45.716314,openai/gsm8k,main,train
135d2e8665804d85,gsm8k,gsm8k_60,huggingface:gsm8k,MIT,2025-09-02T16:58:45.716314,openai/gsm8k,main,train
41246d852069b4c9,gsm8k,gsm8k_61,huggingface:gsm8k,MIT,2025-09-02T16:58:45.716314,openai/gsm8k,main,train
844ae49e3fb3ef38,gsm8k,gsm8k_62,huggingface:gsm8k,MIT,2025-09-02T16:58:45.716314,openai/gsm8k,main,train
e7cb2eb10ef2138a,gsm8k,gsm8k_63,huggingface:gsm8k,MIT,2025-09-02T16:58:45.716314,openai/gsm8k,main,train
fa7bbe894488242f,gsm8k,gsm8k_64,huggingface:gsm8k,MIT,2025-09-02T16:58:45.716314,openai/gsm8k,main,train
be49a992baadd14d,gsm8k,gsm8k_65,huggingface:gsm8k,MIT,2025-09-02T16:58:45.716314,openai/gsm8k,main,train
5a6efbb0a8cee14c,gsm8k,gsm8k_66,huggingface:gsm8k,MIT,2025-09-02T16:58:45.716314,openai/gsm8k,main,train
361ee14f15700326,gsm8k,gsm8k_67,huggingface:gsm8k,MIT,2025-09-02T16:58:45.716314,openai/gsm8k,main,train
af7d963e3d99b26c,gsm8k,gsm8k_68,huggingface:gsm8k,MIT,2025-09-02T16:58:45.716314,openai/gsm8k,main,train
273620b06dbb7d4a,gsm8k,gsm8k_69,huggingface:gsm8k,MIT,2025-09-02T16:58:45.716314,openai/gsm8k,main,train
686e6f6b28bde1ec,gsm8k,gsm8k_70,huggingface:gsm8k,MIT,2025-09-02T16:58:45.716314,openai/gsm8k,main,train
59c1adda48751545,gsm8k,gsm8k_71,huggingface:gsm8k,MIT,2025-09-02T16:58:45.716314,openai/gsm8k,main,train
6b90fa61934f426c,gsm8k,gsm8k_72,huggingface:gsm8k,MIT,2025-09-02T16:58:45.716314,openai/gsm8k,main,train
984fc0bf8a2d9f91,gsm8k,gsm8k_73,huggingface:gsm8k,MIT,2025-09-02T16:58:45.716314,openai/gsm8k,main,train
36dc86d55a388aa1,gsm8k,gsm8k_74,huggingface:gsm8k,MIT,2025-09-02T16:58:45.716314,openai/gsm8k,main,train
79030ef626b36542,gsm8k,gsm8k_75,huggingface:gsm8k,MIT,2025-09-02T16:58:45.716314,openai/gsm8k,main,train
7cebf04c3ab03cce,gsm8k,gsm8k_76,huggingface:gsm8k,MIT,2025-09-02T16:58:45.716314,openai/gsm8k,main,train
7008981202599fea,gsm8k,gsm8k_77,huggingface:gsm8k,MIT,2025-09-02T16:58:45.716314,openai/gsm8k,main,train
a80cabe14dd7789b,gsm8k,gsm8k_78,huggingface:gsm8k,MIT,2025-09-02T16:58:45.716314,openai/gsm8k,main,train
67c2a82008301ec8,gsm8k,gsm8k_79,huggingface:gsm8k,MIT,2025-09-02T16:58:45.716314,openai/gsm8k,main,train
112d3ccb96cb532a,gsm8k,gsm8k_80,huggingface:gsm8k,MIT,2025-09-02T16:58:45.716314,openai/gsm8k,main,train
f1d794566024b08d,gsm8k,gsm8k_81,huggingface:gsm8k,MIT,2025-09-02T16:58:45.716314,openai/gsm8k,main,train
8ddd7bb1351f1da6,gsm8k,gsm8k_82,huggingface:gsm8k,MIT,2025-09-02T16:58:45.716314,openai/gsm8k,main,train
47827da7e2f8e349,gsm8k,gsm8k_83,huggingface:gsm8k,MIT,2025-09-02T16:58:45.716314,openai/gsm8k,main,train
3d9a75293ed9a37f,gsm8k,gsm8k_84,huggingface:gsm8k,MIT,2025-09-02T16:58:45.716314,openai/gsm8k,main,train
dc17b6b0a0928386,gsm8k,gsm8k_85,huggingface:gsm8k,MIT,2025-09-02T16:58:45.716314,openai/gsm8k,main,train
ba8fccd1aed7fd42,gsm8k,gsm8k_86,huggingface:gsm8k,MIT,2025-09-02T16:58:45.716314,openai/gsm8k,main,train
528939d85cffb940,gsm8k,gsm8k_87,huggingface:gsm8k,MIT,2025-09-02T16:58:45.716314,openai/gsm8k,main,train
b439b3bd5e426719,gsm8k,gsm8k_88,huggingface:gsm8k,MIT,2025-09-02T16:58:45.716314,openai/gsm8k,main,train
bb1b9118beee2f7b,gsm8k,gsm8k_89,huggingface:gsm8k,MIT,2025-09-02T16:58:45.716314,openai/gsm8k,main,train
9bb7b0130af299d3,gsm8k,gsm8k_90,huggingface:gsm8k,MIT,2025-09-02T16:58:45.716314,openai/gsm8k,main,train
25fd9057c6494b80,gsm8k,gsm8k_91,huggingface:gsm8k,MIT,2025-09-02T16:58:45.716314,openai/gsm8k,main,train
e1e93133226fdf17,gsm8k,gsm8k_92,huggingface:gsm8k,MIT,2025-09-02T16:58:45.716314,openai/gsm8k,main,train
eb64f8240421fb8d,gsm8k,gsm8k_93,huggingface:gsm8k,MIT,2025-09-02T16:58:45.716314,openai/gsm8k,main,train
53eaff5f107ea343,gsm8k,gsm8k_94,huggingface:gsm8k,MIT,2025-09-02T16:58:45.716314,openai/gsm8k,main,train
02e5a7e81e781fc7,gsm8k,gsm8k_95,huggingface:gsm8k,MIT,2025-09-02T16:58:45.716314,openai/gsm8k,main,train
ba3eff3dc19fe6de,gsm8k,gsm8k_96,huggingface:gsm8k,MIT,2025-09-02T16:58:45.716314,openai/gsm8k,main,train
2b0f1e34b8c06a88,gsm8k,gsm8k_97,huggingface:gsm8k,MIT,2025-09-02T16:58:45.716314,openai/gsm8k,main,train
81c647b8a2ddf5cd,gsm8k,gsm8k_98,huggingface:gsm8k,MIT,2025-09-02T16:58:45.716314,openai/gsm8k,main,train
8e8c3234db414499,gsm8k,gsm8k_99,huggingface:gsm8k,MIT,2025-09-02T16:58:45.716314,openai/gsm8k,main,train
a450bc2da84e5acb,gsm8k,gsm8k_100,huggingface:gsm8k,MIT,2025-09-02T16:58:45.716314,openai/gsm8k,main,train
c9fab5895d124cf4,gsm8k,gsm8k_101,huggingface:gsm8k,MIT,2025-09-02T16:58:45.716314,openai/gsm8k,main,train
141b8fbe8f9bd34c,gsm8k,gsm8k_102,huggingface:gsm8k,MIT,2025-09-02T16:58:45.716314,openai/gsm8k,main,train
8c3e013dbbf20f1f,gsm8k,gsm8k_103,huggingface:gsm8k,MIT,2025-09-02T16:58:45.716314,openai/gsm8k,main,train
4b070304fbf13c55,gsm8k,gsm8k_104,huggingface:gsm8k,MIT,2025-09-02T16:58:45.716314,openai/gsm8k,main,train
1e64ff4938fccbf5,gsm8k,gsm8k_105,huggingface:gsm8k,MIT,2025-09-02T16:58:45.716314,openai/gsm8k,main,train
e796dc92780e8fdf,gsm8k,gsm8k_106,huggingface:gsm8k,MIT,2025-09-02T16:58:45.716314,openai/gsm8k,main,train
81b034567c3a40a8,gsm8k,gsm8k_107,huggingface:gsm8k,MIT,2025-09-02T16:58:45.716314,openai/gsm8k,main,train
a8ac520da2de2325,gsm8k,gsm8k_108,huggingface:gsm8k,MIT,2025-09-02T16:58:45.716314,openai/gsm8k,main,train
44c957840796f9e9,gsm8k,gsm8k_109,huggingface:gsm8k,MIT,2025-09-02T16:58:45.716314,openai/gsm8k,main,train
bd16e29e8c1839e7,gsm8k,gsm8k_110,huggingface:gsm8k,MIT,2025-09-02T16:58:45.716314,openai/gsm8k,main,train
a300acc1f0058f1b,gsm8k,gsm8k_111,huggingface:gsm8k,MIT,2025-09-02T16:58:45.716314,openai/gsm8k,main,train
7eb16f63f4077259,gsm8k,gsm8k_112,huggingface:gsm8k,MIT,2025-09-02T16:58:45.716314,openai/gsm8k,main,train
a9b92b1e4f10199d,gsm8k,gsm8k_113,huggingface:gsm8k,MIT,2025-09-02T16:58:45.716314,openai/gsm8k,main,train
874da6dc05c6620b,gsm8k,gsm8k_114,huggingface:gsm8k,MIT,2025-09-02T16:58:45.716314,openai/gsm8k,main,train
ddfe9f4c2d97ef16,gsm8k,gsm8k_115,huggingface:gsm8k,MIT,2025-09-02T16:58:45.716314,openai/gsm8k,main,train
6151a3126760588f,gsm8k,gsm8k_116,huggingface:gsm8k,MIT,2025-09-02T16:58:45.716314,openai/gsm8k,main,train
eb867ebe09efe117,gsm8k,gsm8k_117,huggingface:gsm8k,MIT,2025-09-02T16:58:45.716314,openai/gsm8k,main,train
02d32c39ef696fd6,gsm8k,gsm8k_118,huggingface:gsm8k,MIT,2025-09-02T16:58:45.716314,openai/gsm8k,main,train
b81829d9d3afac5f,gsm8k,gsm8k_119,huggingface:gsm8k,MIT,2025-09-02T16:58:45.716314,openai/gsm8k,main,train
9e81f90707ff16e7,gsm8k,gsm8k_120,huggingface:gsm8k,MIT,2025-09-02T16:58:45.716314,openai/gsm8k,main,train
ad93ef5f61f445ba,gsm8k,gsm8k_121,huggingface:gsm8k,MIT,2025-09-02T16:58:45.716314,openai/gsm8k,main,train
06de7f0c578c3c50,gsm8k,gsm8k_122,huggingface:gsm8k,MIT,2025-09-02T16:58:45.716314,openai/gsm8k,main,train
ceba384cae49adf4,gsm8k,gsm8k_123,huggingface:gsm8k,MIT,2025-09-02T16:58:45.716314,openai/gsm8k,main,train
2cb8b8c72ec2b1af,gsm8k,gsm8k_124,huggingface:gsm8k,MIT,2025-09-02T16:58:45.716314,openai/gsm8k,main,train
cf113529e9148395,gsm8k,gsm8k_125,huggingface:gsm8k,MIT,2025-09-02T16:58:45.716314,openai/gsm8k,main,train
02394f7446afe43e,gsm8k,gsm8k_126,huggingface:gsm8k,MIT,2025-09-02T16:58:45.716314,openai/gsm8k,main,train
5b27b9916a455c2d,gsm8k,gsm8k_127,huggingface:gsm8k,MIT,2025-09-02T16:58:45.716314,openai/gsm8k,main,train
3a4055d2d026946d,gsm8k,gsm8k_128,huggingface:gsm8k,MIT,2025-09-02T16:58:45.716314,openai/gsm8k,main,train
c0a95f23f709de2f,gsm8k,gsm8k_129,huggingface:gsm8k,MIT,2025-09-02T16:58:45.716314,openai/gsm8k,main,train
0d49f6ffa958de21,gsm8k,gsm8k_130,huggingface:gsm8k,MIT,2025-09-02T16:58:45.716314,openai/gsm8k,main,train
1e46d1c5ab732c19,gsm8k,gsm8k_131,huggingface:gsm8k,MIT,2025-09-02T16:58:45.716314,openai/gsm8k,main,train
bca8c18ddd048318,gsm8k,gsm8k_132,huggingface:gsm8k,MIT,2025-09-02T16:58:45.716314,openai/gsm8k,main,train
60906d797c9152c6,gsm8k,gsm8k_133,huggingface:gsm8k,MIT,2025-09-02T16:58:45.716314,openai/gsm8k,main,train
f005bd772f1877d7,gsm8k,gsm8k_134,huggingface:gsm8k,MIT,2025-09-02T16:58:45.716314,openai/gsm8k,main,train
93dfd41e511f887b,gsm8k,gsm8k_135,huggingface:gsm8k,MIT,2025-09-02T16:58:45.716314,openai/gsm8k,main,train
3f402ff92d4d8891,gsm8k,gsm8k_136,huggingface:gsm8k,MIT,2025-09-02T16:58:45.716314,openai/gsm8k,main,train
6907bf566e35fa66,gsm8k,gsm8k_137,huggingface:gsm8k,MIT,2025-09-02T16:58:45.716314,openai/gsm8k,main,train
1d49ebcc160d535c,gsm8k,gsm8k_138,huggingface:gsm8k,MIT,2025-09-02T16:58:45.716314,openai/gsm8k,main,train
a77c02309a9c1c20,gsm8k,gsm8k_139,huggingface:gsm8k,MIT,2025-09-02T16:58:45.716314,openai/gsm8k,main,train
88ab1f6449801ae7,gsm8k,gsm8k_140,huggingface:gsm8k,MIT,2025-09-02T16:58:45.716314,openai/gsm8k,main,train
ebe14dd7527ba198,gsm8k,gsm8k_141,huggingface:gsm8k,MIT,2025-09-02T16:58:45.716314,openai/gsm8k,main,train
fa3ebb3dd19dbc03,gsm8k,gsm8k_142,huggingface:gsm8k,MIT,2025-09-02T16:58:45.716314,openai/gsm8k,main,train
3fc64bed5ea83695,gsm8k,gsm8k_143,huggingface:gsm8k,MIT,2025-09-02T16:58:45.716314,openai/gsm8k,main,train
d0b6f0760d236ac1,gsm8k,gsm8k_144,huggingface:gsm8k,MIT,2025-09-02T16:58:45.716314,openai/gsm8k,main,train
ecadaed65e1a3e8a,gsm8k,gsm8k_145,huggingface:gsm8k,MIT,2025-09-02T16:58:45.716314,openai/gsm8k,main,train
69953fec738cc361,gsm8k,gsm8k_146,huggingface:gsm8k,MIT,2025-09-02T16:58:45.716314,openai/gsm8k,main,train
6f1123d71f7ac113,gsm8k,gsm8k_147,huggingface:gsm8k,MIT,2025-09-02T16:58:45.716314,openai/gsm8k,main,train
23ee25aaa29024de,gsm8k,gsm8k_148,huggingface:gsm8k,MIT,2025-09-02T16:58:45.716314,openai/gsm8k,main,train
13006219b5195b8a,gsm8k,gsm8k_149,huggingface:gsm8k,MIT,2025-09-02T16:58:45.716314,openai/gsm8k,main,train
fbd27bbc54b5bc86,gsm8k,gsm8k_150,huggingface:gsm8k,MIT,2025-09-02T16:58:45.716314,openai/gsm8k,main,train
d80050b7f7ab2be9,gsm8k,gsm8k_151,huggingface:gsm8k,MIT,2025-09-02T16:58:45.716314,openai/gsm8k,main,train
c76ba02c7d3713bc,gsm8k,gsm8k_152,huggingface:gsm8k,MIT,2025-09-02T16:58:45.716314,openai/gsm8k,main,train
1ead05f35f05dba4,gsm8k,gsm8k_153,huggingface:gsm8k,MIT,2025-09-02T16:58:45.716314,openai/gsm8k,main,train
a610822113c8a877,gsm8k,gsm8k_154,huggingface:gsm8k,MIT,2025-09-02T16:58:45.716314,openai/gsm8k,main,train
443f0842147ac771,gsm8k,gsm8k_155,huggingface:gsm8k,MIT,2025-09-02T16:58:45.716314,openai/gsm8k,main,train
1b97034631c622d7,gsm8k,gsm8k_156,huggingface:gsm8k,MIT,2025-09-02T16:58:45.716314,openai/gsm8k,main,train
ad560ba45a24e238,gsm8k,gsm8k_157,huggingface:gsm8k,MIT,2025-09-02T16:58:45.716314,openai/gsm8k,main,train
a78a073d2ebce35a,gsm8k,gsm8k_158,huggingface:gsm8k,MIT,2025-09-02T16:58:45.716314,openai/gsm8k,main,train
5bf3ab6a94b1e497,gsm8k,gsm8k_159,huggingface:gsm8k,MIT,2025-09-02T16:58:45.716314,openai/gsm8k,main,train
da4b1e5877172426,gsm8k,gsm8k_160,huggingface:gsm8k,MIT,2025-09-02T16:58:45.716314,openai/gsm8k,main,train
0475b242ce9eb898,gsm8k,gsm8k_161,huggingface:gsm8k,MIT,2025-09-02T16:58:45.716314,openai/gsm8k,main,train
c0aa4fa82d0f4402,gsm8k,gsm8k_162,huggingface:gsm8k,MIT,2025-09-02T16:58:45.716314,openai/gsm8k,main,train
0ff3852838931246,gsm8k,gsm8k_163,huggingface:gsm8k,MIT,2025-09-02T16:58:45.716314,openai/gsm8k,main,train
27d94265ead55318,gsm8k,gsm8k_164,huggingface:gsm8k,MIT,2025-09-02T16:58:45.716314,openai/gsm8k,main,train
8b82b3459d1523d9,gsm8k,gsm8k_165,huggingface:gsm8k,MIT,2025-09-02T16:58:45.716314,openai/gsm8k,main,train
7cc4143ab3e1a6f7,gsm8k,gsm8k_166,huggingface:gsm8k,MIT,2025-09-02T16:58:45.716314,openai/gsm8k,main,train
ad98193aa1ed38c0,gsm8k,gsm8k_167,huggingface:gsm8k,MIT,2025-09-02T16:58:45.716314,openai/gsm8k,main,train
59d35d1d3b89ff8d,gsm8k,gsm8k_168,huggingface:gsm8k,MIT,2025-09-02T16:58:45.716314,openai/gsm8k,main,train
d15ee0808638b486,gsm8k,gsm8k_169,huggingface:gsm8k,MIT,2025-09-02T16:58:45.716314,openai/gsm8k,main,train
ce710a92c96b1c11,gsm8k,gsm8k_170,huggingface:gsm8k,MIT,2025-09-02T16:58:45.716314,openai/gsm8k,main,train
99f8cc222f3a9995,gsm8k,gsm8k_171,huggingface:gsm8k,MIT,2025-09-02T16:58:45.716314,openai/gsm8k,main,train
fba436002e040871,gsm8k,gsm8k_172,huggingface:gsm8k,MIT,2025-09-02T16:58:45.716314,openai/gsm8k,main,train
df32a3fb36f03e74,gsm8k,gsm8k_173,huggingface:gsm8k,MIT,2025-09-02T16:58:45.716314,openai/gsm8k,main,train
a346144ce6bf7a3d,gsm8k,gsm8k_174,huggingface:gsm8k,MIT,2025-09-02T16:58:45.716314,openai/gsm8k,main,train
b88a334b54d1010f,gsm8k,gsm8k_175,huggingface:gsm8k,MIT,2025-09-02T16:58:45.716314,openai/gsm8k,main,train
6828499bfc6e8a77,gsm8k,gsm8k_176,huggingface:gsm8k,MIT,2025-09-02T16:58:45.716314,openai/gsm8k,main,train
5f7bd22d124c9838,gsm8k,gsm8k_177,huggingface:gsm8k,MIT,2025-09-02T16:58:45.716314,openai/gsm8k,main,train
9a91e4693e67cda8,gsm8k,gsm8k_178,huggingface:gsm8k,MIT,2025-09-02T16:58:45.716314,openai/gsm8k,main,train
14501a0a6981f4b2,gsm8k,gsm8k_179,huggingface:gsm8k,MIT,2025-09-02T16:58:45.716314,openai/gsm8k,main,train
794610f8472a1df1,gsm8k,gsm8k_180,huggingface:gsm8k,MIT,2025-09-02T16:58:45.716314,openai/gsm8k,main,train
8b5da6ae371b00c1,gsm8k,gsm8k_181,huggingface:gsm8k,MIT,2025-09-02T16:58:45.716314,openai/gsm8k,main,train
3f91dfa86ed65f9c,gsm8k,gsm8k_182,huggingface:gsm8k,MIT,2025-09-02T16:58:45.716314,openai/gsm8k,main,train
a6f9ffe0508124a2,gsm8k,gsm8k_183,huggingface:gsm8k,MIT,2025-09-02T16:58:45.716314,openai/gsm8k,main,train
5c7ecb6f80722a77,gsm8k,gsm8k_184,huggingface:gsm8k,MIT,2025-09-02T16:58:45.716314,openai/gsm8k,main,train
6f4a402c89464086,gsm8k,gsm8k_185,huggingface:gsm8k,MIT,2025-09-02T16:58:45.716314,openai/gsm8k,main,train
dbaeda2d226efaa9,gsm8k,gsm8k_186,huggingface:gsm8k,MIT,2025-09-02T16:58:45.716314,openai/gsm8k,main,train
c11b3828c3b225bd,gsm8k,gsm8k_187,huggingface:gsm8k,MIT,2025-09-02T16:58:45.716314,openai/gsm8k,main,train
6bbcea302313dce6,gsm8k,gsm8k_188,huggingface:gsm8k,MIT,2025-09-02T16:58:45.716314,openai/gsm8k,main,train
0bb6321b91ff7258,gsm8k,gsm8k_189,huggingface:gsm8k,MIT,2025-09-02T16:58:45.716314,openai/gsm8k,main,train
71dd11d9c7bca44e,gsm8k,gsm8k_190,huggingface:gsm8k,MIT,2025-09-02T16:58:45.716314,openai/gsm8k,main,train
24e3fe5547bb7e87,gsm8k,gsm8k_191,huggingface:gsm8k,MIT,2025-09-02T16:58:45.716314,openai/gsm8k,main,train
1bc751f032c7cbd9,gsm8k,gsm8k_192,huggingface:gsm8k,MIT,2025-09-02T16:58:45.716314,openai/gsm8k,main,train
6b52dae888bc13da,gsm8k,gsm8k_193,huggingface:gsm8k,MIT,2025-09-02T16:58:45.716314,openai/gsm8k,main,train
c4e8f5e6cd498bd1,gsm8k,gsm8k_194,huggingface:gsm8k,MIT,2025-09-02T16:58:45.716314,openai/gsm8k,main,train
b494147a81f85d08,gsm8k,gsm8k_195,huggingface:gsm8k,MIT,2025-09-02T16:58:45.716314,openai/gsm8k,main,train
5f5e7ecb1274424f,gsm8k,gsm8k_196,huggingface:gsm8k,MIT,2025-09-02T16:58:45.716314,openai/gsm8k,main,train
fbe607284d3e900a,gsm8k,gsm8k_197,huggingface:gsm8k,MIT,2025-09-02T16:58:45.716314,openai/gsm8k,main,train
d75cf7a913e82cb6,gsm8k,gsm8k_198,huggingface:gsm8k,MIT,2025-09-02T16:58:45.716314,openai/gsm8k,main,train
130f1e98f8921245,gsm8k,gsm8k_199,huggingface:gsm8k,MIT,2025-09-02T16:58:45.716314,openai/gsm8k,main,train
05302ef1256d79bf,ambigqa,-4469503464110108318,huggingface:ambigqa,cc-by-sa-3.0,2025-09-02T17:10:50.515269,sewon/ambig_qa,light,train
8adeef5575f472b9,ambigqa,4790842463458965203,huggingface:ambigqa,cc-by-sa-3.0,2025-09-02T17:10:50.515269,sewon/ambig_qa,light,train
39933a359206d729,ambigqa,-6631915997977101143,huggingface:ambigqa,cc-by-sa-3.0,2025-09-02T17:10:50.515269,sewon/ambig_qa,light,train
39c936cdf0d44f31,ambigqa,-3098213414945179817,huggingface:ambigqa,cc-by-sa-3.0,2025-09-02T17:10:50.515269,sewon/ambig_qa,light,train
3d1ee5613bcfa965,ambigqa,-927805218867163489,huggingface:ambigqa,cc-by-sa-3.0,2025-09-02T17:10:50.515269,sewon/ambig_qa,light,train
c7d4476081d02d32,ambigqa,-8765341210106443690,huggingface:ambigqa,cc-by-sa-3.0,2025-09-02T17:10:50.515269,sewon/ambig_qa,light,train
f4fe2df59b8979b5,ambigqa,-8984315366060644345,huggingface:ambigqa,cc-by-sa-3.0,2025-09-02T17:10:50.515269,sewon/ambig_qa,light,train
363e0b59adc81995,ambigqa,-3359151041540098032,huggingface:ambigqa,cc-by-sa-3.0,2025-09-02T17:10:50.515269,sewon/ambig_qa,light,train
8bd31e5683a97277,ambigqa,6601536662148726350,huggingface:ambigqa,cc-by-sa-3.0,2025-09-02T17:10:50.515269,sewon/ambig_qa,light,train
c5e7629e354a9874,ambigqa,-4757397641844293607,huggingface:ambigqa,cc-by-sa-3.0,2025-09-02T17:10:50.515269,sewon/ambig_qa,light,train
cd3b50b8f03126d3,ambigqa,-6857918454805495301,huggingface:ambigqa,cc-by-sa-3.0,2025-09-02T17:10:50.515269,sewon/ambig_qa,light,train
27bcbcbb3303a5b3,ambigqa,-4132174036373265970,huggingface:ambigqa,cc-by-sa-3.0,2025-09-02T17:10:50.515269,sewon/ambig_qa,light,train
c6b2425eced28bf2,ambigqa,1561260788294720798,huggingface:ambigqa,cc-by-sa-3.0,2025-09-02T17:10:50.515269,sewon/ambig_qa,light,train
8b6929a094fe32d4,ambigqa,-3609553841261159056,huggingface:ambigqa,cc-by-sa-3.0,2025-09-02T17:10:50.515269,sewon/ambig_qa,light,train
b2e4063503c6c393,ambigqa,128788970421661020,huggingface:ambigqa,cc-by-sa-3.0,2025-09-02T17:10:50.515269,sewon/ambig_qa,light,train
d181314abb73485e,ambigqa,4722519916015127979,huggingface:ambigqa,cc-by-sa-3.0,2025-09-02T17:10:50.515269,sewon/ambig_qa,light,train
4f7cd5818b7b145e,ambigqa,-1911980845281550523,huggingface:ambigqa,cc-by-sa-3.0,2025-09-02T17:10:50.515269,sewon/ambig_qa,light,train
efbc4a5d913aae86,ambigqa,-8524801800420428358,huggingface:ambigqa,cc-by-sa-3.0,2025-09-02T17:10:50.515269,sewon/ambig_qa,light,train
6f63ddc86c223ea6,ambigqa,4776000106366522865,huggingface:ambigqa,cc-by-sa-3.0,2025-09-02T17:10:50.515269,sewon/ambig_qa,light,train
ed7a011e937d988c,ambigqa,4723481094198751540,huggingface:ambigqa,cc-by-sa-3.0,2025-09-02T17:10:50.515269,sewon/ambig_qa,light,train
b864a93c85ce497a,ambigqa,-7461719336882424985,huggingface:ambigqa,cc-by-sa-3.0,2025-09-02T17:10:50.515269,sewon/ambig_qa,light,train
9512094e66e93fe8,ambigqa,6629199459601104475,huggingface:ambigqa,cc-by-sa-3.0,2025-09-02T17:10:50.515269,sewon/ambig_qa,light,train
6d259c75ff61e738,ambigqa,-1688500492894023725,huggingface:ambigqa,cc-by-sa-3.0,2025-09-02T17:10:50.515269,sewon/ambig_qa,light,train
60bff66a26b9a9d3,ambigqa,-4920697783415402962,huggingface:ambigqa,cc-by-sa-3.0,2025-09-02T17:10:50.515269,sewon/ambig_qa,light,train
a59e4b95ab41b901,ambigqa,-4950316745090894056,huggingface:ambigqa,cc-by-sa-3.0,2025-09-02T17:10:50.515269,sewon/ambig_qa,light,train
c449ca93dcd20407,ambigqa,-8652199953083038138,huggingface:ambigqa,cc-by-sa-3.0,2025-09-02T17:10:50.515269,sewon/ambig_qa,light,train
dcec3de0cfc9cea7,ambigqa,7030758716024791080,huggingface:ambigqa,cc-by-sa-3.0,2025-09-02T17:10:50.515269,sewon/ambig_qa,light,train
e826b0a9197cb7db,ambigqa,1237920926774398276,huggingface:ambigqa,cc-by-sa-3.0,2025-09-02T17:10:50.515269,sewon/ambig_qa,light,train
5d10a271a88d43bf,ambigqa,4737873499269724327,huggingface:ambigqa,cc-by-sa-3.0,2025-09-02T17:10:50.515269,sewon/ambig_qa,light,train
72adaa83868c0c5b,ambigqa,4123548744340087331,huggingface:ambigqa,cc-by-sa-3.0,2025-09-02T17:10:50.515269,sewon/ambig_qa,light,train
bad5f3dab42d20c1,ambigqa,-3430387669519489370,huggingface:ambigqa,cc-by-sa-3.0,2025-09-02T17:10:50.515269,sewon/ambig_qa,light,train
6f6f18a509e7243c,ambigqa,6389345907245133102,huggingface:ambigqa,cc-by-sa-3.0,2025-09-02T17:10:50.515269,sewon/ambig_qa,light,train
589297b80a6c60f6,ambigqa,7063169977317265636,huggingface:ambigqa,cc-by-sa-3.0,2025-09-02T17:10:50.515269,sewon/ambig_qa,light,train
2703bf2c7f298e7e,ambigqa,-1672733591597131629,huggingface:ambigqa,cc-by-sa-3.0,2025-09-02T17:10:50.515269,sewon/ambig_qa,light,train
91906a4301ce1253,ambigqa,3459755935653104243,huggingface:ambigqa,cc-by-sa-3.0,2025-09-02T17:10:50.515269,sewon/ambig_qa,light,train
264381be089eceeb,ambigqa,-7563488770313519534,huggingface:ambigqa,cc-by-sa-3.0,2025-09-02T17:10:50.515269,sewon/ambig_qa,light,train
2dcab61fd485c6ec,ambigqa,3630976503357786326,huggingface:ambigqa,cc-by-sa-3.0,2025-09-02T17:10:50.515269,sewon/ambig_qa,light,train
d419ce36cfca1ce2,ambigqa,5998037098651415370,huggingface:ambigqa,cc-by-sa-3.0,2025-09-02T17:10:50.515269,sewon/ambig_qa,light,train
cb9166d2e8b289f4,ambigqa,7208068189874944399,huggingface:ambigqa,cc-by-sa-3.0,2025-09-02T17:10:50.515269,sewon/ambig_qa,light,train
7dd2dc0f7fcac04c,ambigqa,-3713688239328074547,huggingface:ambigqa,cc-by-sa-3.0,2025-09-02T17:10:50.515269,sewon/ambig_qa,light,train
2bd056503757cde7,ambigqa,2034739379280412436,huggingface:ambigqa,cc-by-sa-3.0,2025-09-02T17:10:50.515269,sewon/ambig_qa,light,train
bd665d92e3dbe123,ambigqa,8651809831547260844,huggingface:ambigqa,cc-by-sa-3.0,2025-09-02T17:10:50.515269,sewon/ambig_qa,light,train
9748e7eba0f4910b,ambigqa,1533477128984345682,huggingface:ambigqa,cc-by-sa-3.0,2025-09-02T17:10:50.515269,sewon/ambig_qa,light,train
fe4c7600984d0973,ambigqa,-5492391637682725131,huggingface:ambigqa,cc-by-sa-3.0,2025-09-02T17:10:50.515269,sewon/ambig_qa,light,train
358e356c52ae0d2e,ambigqa,-2558199766533138150,huggingface:ambigqa,cc-by-sa-3.0,2025-09-02T17:10:50.515269,sewon/ambig_qa,light,train
1fa71f98fb5b98b8,ambigqa,-6363994615218497826,huggingface:ambigqa,cc-by-sa-3.0,2025-09-02T17:10:50.515269,sewon/ambig_qa,light,train
1b17ef610d583ab0,ambigqa,3855307908076704970,huggingface:ambigqa,cc-by-sa-3.0,2025-09-02T17:10:50.515269,sewon/ambig_qa,light,train
7ff6bb5d438eaef0,ambigqa,4063304367414770942,huggingface:ambigqa,cc-by-sa-3.0,2025-09-02T17:10:50.515269,sewon/ambig_qa,light,train
7913e89f8ef941ce,ambigqa,-4110639543763413474,huggingface:ambigqa,cc-by-sa-3.0,2025-09-02T17:10:50.515269,sewon/ambig_qa,light,train
4fea09499c00e1b4,ambigqa,5150378125952226530,huggingface:ambigqa,cc-by-sa-3.0,2025-09-02T17:10:50.515269,sewon/ambig_qa,light,train
1e737d95e90accf3,ambigqa,-229557364858904345,huggingface:ambigqa,cc-by-sa-3.0,2025-09-02T17:10:50.515269,sewon/ambig_qa,light,train
9d719d827a7e3cf1,ambigqa,-6875166619428307308,huggingface:ambigqa,cc-by-sa-3.0,2025-09-02T17:10:50.515269,sewon/ambig_qa,light,train
809da11a0234e10f,ambigqa,5693531505008967478,huggingface:ambigqa,cc-by-sa-3.0,2025-09-02T17:10:50.515269,sewon/ambig_qa,light,train
c98b803da64e6d98,ambigqa,7754002205765507756,huggingface:ambigqa,cc-by-sa-3.0,2025-09-02T17:10:50.515269,sewon/ambig_qa,light,train
edeb9f6acef4fe57,ambigqa,-3944861237014469052,huggingface:ambigqa,cc-by-sa-3.0,2025-09-02T17:10:50.515269,sewon/ambig_qa,light,train
9a954b602c8efe1e,ambigqa,-2590664031903851316,huggingface:ambigqa,cc-by-sa-3.0,2025-09-02T17:10:50.515269,sewon/ambig_qa,light,train
ad89e5f423d4cce4,ambigqa,3204171409264914923,huggingface:ambigqa,cc-by-sa-3.0,2025-09-02T17:10:50.515269,sewon/ambig_qa,light,train
77d686c9e7798c7c,ambigqa,3240942651859718397,huggingface:ambigqa,cc-by-sa-3.0,2025-09-02T17:10:50.515269,sewon/ambig_qa,light,train
5cc2ef96b40d374c,ambigqa,2094392886389474592,huggingface:ambigqa,cc-by-sa-3.0,2025-09-02T17:10:50.515269,sewon/ambig_qa,light,train
77ccf89abce0419c,ambigqa,4113432615092381478,huggingface:ambigqa,cc-by-sa-3.0,2025-09-02T17:10:50.515269,sewon/ambig_qa,light,train
2ebfdd3b317088da,ambigqa,-1617571755505770769,huggingface:ambigqa,cc-by-sa-3.0,2025-09-02T17:10:50.515269,sewon/ambig_qa,light,train
cccdcf3ff37ced09,ambigqa,-5968852733411945019,huggingface:ambigqa,cc-by-sa-3.0,2025-09-02T17:10:50.515269,sewon/ambig_qa,light,train
a2dc782d3df74954,ambigqa,9118807424034544000,huggingface:ambigqa,cc-by-sa-3.0,2025-09-02T17:10:50.515269,sewon/ambig_qa,light,train
450a520159e87312,ambigqa,6915912596627348551,huggingface:ambigqa,cc-by-sa-3.0,2025-09-02T17:10:50.515269,sewon/ambig_qa,light,train
cb593ac83aff89c4,ambigqa,1332897475571730747,huggingface:ambigqa,cc-by-sa-3.0,2025-09-02T17:10:50.515269,sewon/ambig_qa,light,train
6b5c544e027e7190,ambigqa,-4283713808554560002,huggingface:ambigqa,cc-by-sa-3.0,2025-09-02T17:10:50.515269,sewon/ambig_qa,light,train
3526b9a2e05c291d,ambigqa,1109919554091311092,huggingface:ambigqa,cc-by-sa-3.0,2025-09-02T17:10:50.515269,sewon/ambig_qa,light,train
c865b3c946c703fb,ambigqa,8505647719348789352,huggingface:ambigqa,cc-by-sa-3.0,2025-09-02T17:10:50.515269,sewon/ambig_qa,light,train
aaff095d19ffe008,ambigqa,-8086186598590428328,huggingface:ambigqa,cc-by-sa-3.0,2025-09-02T17:10:50.515269,sewon/ambig_qa,light,train
c65ec6dec1b708d6,ambigqa,2217144977440365678,huggingface:ambigqa,cc-by-sa-3.0,2025-09-02T17:10:50.515269,sewon/ambig_qa,light,train
ce1b25bf38bab264,ambigqa,3141501970999254639,huggingface:ambigqa,cc-by-sa-3.0,2025-09-02T17:10:50.515269,sewon/ambig_qa,light,train
301f9e4936fd6b23,ambigqa,6267368935580291991,huggingface:ambigqa,cc-by-sa-3.0,2025-09-02T17:10:50.515269,sewon/ambig_qa,light,train
5d85cf1b139880da,ambigqa,2375410666129136218,huggingface:ambigqa,cc-by-sa-3.0,2025-09-02T17:10:50.515269,sewon/ambig_qa,light,train
20907e0c27001cff,ambigqa,-1120514028652364195,huggingface:ambigqa,cc-by-sa-3.0,2025-09-02T17:10:50.515269,sewon/ambig_qa,light,train
736f91c7fca5a11e,ambigqa,369553729358573631,huggingface:ambigqa,cc-by-sa-3.0,2025-09-02T17:10:50.515269,sewon/ambig_qa,light,train
f340703508997b1a,ambigqa,-3521200059945079578,huggingface:ambigqa,cc-by-sa-3.0,2025-09-02T17:10:50.515269,sewon/ambig_qa,light,train
6def3af10d0b071e,ambigqa,-228017844504433803,huggingface:ambigqa,cc-by-sa-3.0,2025-09-02T17:10:50.515269,sewon/ambig_qa,light,train
81ad4df36d4a8d1d,ambigqa,-6567021105969776914,huggingface:ambigqa,cc-by-sa-3.0,2025-09-02T17:10:50.515269,sewon/ambig_qa,light,train
c2858eb7b1637ae3,ambigqa,3191215928530494096,huggingface:ambigqa,cc-by-sa-3.0,2025-09-02T17:10:50.515269,sewon/ambig_qa,light,train
0019b48ea5729f4a,ambigqa,-2071940157427414850,huggingface:ambigqa,cc-by-sa-3.0,2025-09-02T17:10:50.515269,sewon/ambig_qa,light,train
895d711a0b578f8b,ambigqa,-3800524559144424177,huggingface:ambigqa,cc-by-sa-3.0,2025-09-02T17:10:50.515269,sewon/ambig_qa,light,train
772eb00a6a607e51,ambigqa,-6839117089970381436,huggingface:ambigqa,cc-by-sa-3.0,2025-09-02T17:10:50.515269,sewon/ambig_qa,light,train
ab113ba4fe3f098f,ambigqa,-4490620988150231901,huggingface:ambigqa,cc-by-sa-3.0,2025-09-02T17:10:50.515269,sewon/ambig_qa,light,train
99c887750aabbec9,ambigqa,1022217780810569079,huggingface:ambigqa,cc-by-sa-3.0,2025-09-02T17:10:50.515269,sewon/ambig_qa,light,train
5dbf6571d9313aff,ambigqa,-862554052027960093,huggingface:ambigqa,cc-by-sa-3.0,2025-09-02T17:10:50.515269,sewon/ambig_qa,light,train
9c78504222803498,ambigqa,-3516190339598522976,huggingface:ambigqa,cc-by-sa-3.0,2025-09-02T17:10:50.515269,sewon/ambig_qa,light,train
1caa3906a8c70cfc,ambigqa,-7748524737773999409,huggingface:ambigqa,cc-by-sa-3.0,2025-09-02T17:10:50.515269,sewon/ambig_qa,light,train
647617232c7f380b,ambigqa,3388798511401254812,huggingface:ambigqa,cc-by-sa-3.0,2025-09-02T17:10:50.515269,sewon/ambig_qa,light,train
11acf5e34188b77e,ambigqa,1459126538041943679,huggingface:ambigqa,cc-by-sa-3.0,2025-09-02T17:10:50.515269,sewon/ambig_qa,light,train
c6acdf68f23c7383,ambigqa,-8834069158837396685,huggingface:ambigqa,cc-by-sa-3.0,2025-09-02T17:10:50.515269,sewon/ambig_qa,light,train
b67a10ca13e29bb2,ambigqa,-1757904552409029500,huggingface:ambigqa,cc-by-sa-3.0,2025-09-02T17:10:50.515269,sewon/ambig_qa,light,train
7b63c7fc2fd64c69,ambigqa,1004431282200370974,huggingface:ambigqa,cc-by-sa-3.0,2025-09-02T17:10:50.515269,sewon/ambig_qa,light,train
8186f542d6deb748,ambigqa,8184930622224282678,huggingface:ambigqa,cc-by-sa-3.0,2025-09-02T17:10:50.515269,sewon/ambig_qa,light,train
272a4cae3a35c583,ambigqa,8631327196287980755,huggingface:ambigqa,cc-by-sa-3.0,2025-09-02T17:10:50.515269,sewon/ambig_qa,light,train
849067982e814180,ambigqa,-2593355371932719161,huggingface:ambigqa,cc-by-sa-3.0,2025-09-02T17:10:50.515269,sewon/ambig_qa,light,train
f91a76c562352a2f,ambigqa,2837484115382116119,huggingface:ambigqa,cc-by-sa-3.0,2025-09-02T17:10:50.515269,sewon/ambig_qa,light,train
c01e8f00ada72950,ambigqa,7199599312216372048,huggingface:ambigqa,cc-by-sa-3.0,2025-09-02T17:10:50.515269,sewon/ambig_qa,light,train
3b54ab786d318609,ambigqa,-8850169184954446631,huggingface:ambigqa,cc-by-sa-3.0,2025-09-02T17:10:50.515269,sewon/ambig_qa,light,train
3db4da7ceb271aaa,ambigqa,-3897740693502172696,huggingface:ambigqa,cc-by-sa-3.0,2025-09-02T17:10:50.515269,sewon/ambig_qa,light,train
605493511c1e34e2,ambigqa,-3471432714621884410,huggingface:ambigqa,cc-by-sa-3.0,2025-09-02T17:10:50.515269,sewon/ambig_qa,light,train
513ca20f144bdb1b,ambigqa,6373189865465953269,huggingface:ambigqa,cc-by-sa-3.0,2025-09-02T17:10:50.515269,sewon/ambig_qa,light,train
c2c9e330b3e4c6f9,ambigqa,8092598956660291215,huggingface:ambigqa,cc-by-sa-3.0,2025-09-02T17:10:50.515269,sewon/ambig_qa,light,train
044ece4950315046,ambigqa,62966941368680868,huggingface:ambigqa,cc-by-sa-3.0,2025-09-02T17:10:50.515269,sewon/ambig_qa,light,train
229009fdd6c71b8d,ambigqa,5133876537670324411,huggingface:ambigqa,cc-by-sa-3.0,2025-09-02T17:10:50.515269,sewon/ambig_qa,light,train
47ad99fc830d91a5,ambigqa,8932763630388059887,huggingface:ambigqa,cc-by-sa-3.0,2025-09-02T17:10:50.515269,sewon/ambig_qa,light,train
b3a034dde0bd93af,ambigqa,8923681797804610584,huggingface:ambigqa,cc-by-sa-3.0,2025-09-02T17:10:50.515269,sewon/ambig_qa,light,train
abc86210817a87de,ambigqa,-2938945366077744797,huggingface:ambigqa,cc-by-sa-3.0,2025-09-02T17:10:50.515269,sewon/ambig_qa,light,train
b207f674fa6f145c,ambigqa,3527566788119942912,huggingface:ambigqa,cc-by-sa-3.0,2025-09-02T17:10:50.515269,sewon/ambig_qa,light,train
0bd03deea389e5ad,ambigqa,618489770509518870,huggingface:ambigqa,cc-by-sa-3.0,2025-09-02T17:10:50.515269,sewon/ambig_qa,light,train
328ca194cea49f91,ambigqa,-652117253746563674,huggingface:ambigqa,cc-by-sa-3.0,2025-09-02T17:10:50.515269,sewon/ambig_qa,light,train
2e8d683bad80731d,ambigqa,-2633917229646894638,huggingface:ambigqa,cc-by-sa-3.0,2025-09-02T17:10:50.515269,sewon/ambig_qa,light,train
2ab086dafab87deb,ambigqa,-5955439966878959532,huggingface:ambigqa,cc-by-sa-3.0,2025-09-02T17:10:50.515269,sewon/ambig_qa,light,train
47118a4057cb0151,ambigqa,-586025167603300600,huggingface:ambigqa,cc-by-sa-3.0,2025-09-02T17:10:50.515269,sewon/ambig_qa,light,train
8e48076634f9258a,ambigqa,4647818796298534404,huggingface:ambigqa,cc-by-sa-3.0,2025-09-02T17:10:50.515269,sewon/ambig_qa,light,train
ac2c67231b0c72b9,ambigqa,-7869146853815250428,huggingface:ambigqa,cc-by-sa-3.0,2025-09-02T17:10:50.515269,sewon/ambig_qa,light,train
66891754b9342fbb,ambigqa,7125146488385376967,huggingface:ambigqa,cc-by-sa-3.0,2025-09-02T17:10:50.515269,sewon/ambig_qa,light,train
bafab982c4ec9a86,ambigqa,-6760592683069308709,huggingface:ambigqa,cc-by-sa-3.0,2025-09-02T17:10:50.515269,sewon/ambig_qa,light,train
63835e8b289e4190,ambigqa,-2701905006672196275,huggingface:ambigqa,cc-by-sa-3.0,2025-09-02T17:10:50.515269,sewon/ambig_qa,light,train
3e2e553cac095142,ambigqa,-4268291779673036451,huggingface:ambigqa,cc-by-sa-3.0,2025-09-02T17:10:50.515269,sewon/ambig_qa,light,train
08cb94d0992b4612,ambigqa,6635381132510830269,huggingface:ambigqa,cc-by-sa-3.0,2025-09-02T17:10:50.515269,sewon/ambig_qa,light,train
70cf7e2fd5829165,ambigqa,6906756762659846441,huggingface:ambigqa,cc-by-sa-3.0,2025-09-02T17:10:50.515269,sewon/ambig_qa,light,train
db080040828b1518,ambigqa,41813383673449160,huggingface:ambigqa,cc-by-sa-3.0,2025-09-02T17:10:50.515269,sewon/ambig_qa,light,train
6514e038381a9d30,ambigqa,5736313144411923989,huggingface:ambigqa,cc-by-sa-3.0,2025-09-02T17:10:50.515269,sewon/ambig_qa,light,train
341f715eab4c0711,ambigqa,2437211415582489495,huggingface:ambigqa,cc-by-sa-3.0,2025-09-02T17:10:50.515269,sewon/ambig_qa,light,train
dd9dc73b042a95ec,ambigqa,4121961896432917626,huggingface:ambigqa,cc-by-sa-3.0,2025-09-02T17:10:50.515269,sewon/ambig_qa,light,train
b5a60471a17d2a38,ambigqa,3624155410679767933,huggingface:ambigqa,cc-by-sa-3.0,2025-09-02T17:10:50.515269,sewon/ambig_qa,light,train
5185b56a43e27c48,ambigqa,5277039265479571506,huggingface:ambigqa,cc-by-sa-3.0,2025-09-02T17:10:50.515269,sewon/ambig_qa,light,train
8d08028308df6f89,ambigqa,-3139712300447252950,huggingface:ambigqa,cc-by-sa-3.0,2025-09-02T17:10:50.515269,sewon/ambig_qa,light,train
ab1203e86214efe6,ambigqa,-2433903014343400592,huggingface:ambigqa,cc-by-sa-3.0,2025-09-02T17:10:50.515269,sewon/ambig_qa,light,train
18866448cd50d5c4,ambigqa,8509594427725708011,huggingface:ambigqa,cc-by-sa-3.0,2025-09-02T17:10:50.515269,sewon/ambig_qa,light,train
62f82162182d2460,ambigqa,637466759495656530,huggingface:ambigqa,cc-by-sa-3.0,2025-09-02T17:10:50.515269,sewon/ambig_qa,light,train
42db97119029f815,ambigqa,4388511442090327281,huggingface:ambigqa,cc-by-sa-3.0,2025-09-02T17:10:50.515269,sewon/ambig_qa,light,train
3ffc2e99a51157dd,ambigqa,4017581325391763586,huggingface:ambigqa,cc-by-sa-3.0,2025-09-02T17:10:50.515269,sewon/ambig_qa,light,train
4c000dec848da8e0,ambigqa,-970242290152935238,huggingface:ambigqa,cc-by-sa-3.0,2025-09-02T17:10:50.515269,sewon/ambig_qa,light,train
9d2c39dfb5a47090,ambigqa,-3051966899537699923,huggingface:ambigqa,cc-by-sa-3.0,2025-09-02T17:10:50.515269,sewon/ambig_qa,light,train
44eaa1593d5aa3de,ambigqa,9031064052174526065,huggingface:ambigqa,cc-by-sa-3.0,2025-09-02T17:10:50.515269,sewon/ambig_qa,light,train
e649839e636481d5,ambigqa,5024251034005721621,huggingface:ambigqa,cc-by-sa-3.0,2025-09-02T17:10:50.515269,sewon/ambig_qa,light,train
20b99f4673138686,ambigqa,-2931155045227159791,huggingface:ambigqa,cc-by-sa-3.0,2025-09-02T17:10:50.515269,sewon/ambig_qa,light,train
33a4076fdc5294b5,ambigqa,5872845962420620183,huggingface:ambigqa,cc-by-sa-3.0,2025-09-02T17:10:50.515269,sewon/ambig_qa,light,train
1feabf0bfaca7e2f,ambigqa,3366606900654441491,huggingface:ambigqa,cc-by-sa-3.0,2025-09-02T17:10:50.515269,sewon/ambig_qa,light,train
a07182cebc70b333,ambigqa,3475414091580580387,huggingface:ambigqa,cc-by-sa-3.0,2025-09-02T17:10:50.515269,sewon/ambig_qa,light,train
4ffc28d04282745d,ambigqa,8704046441982292961,huggingface:ambigqa,cc-by-sa-3.0,2025-09-02T17:10:50.515269,sewon/ambig_qa,light,train
3f9df982f530bec5,ambigqa,5297174100764498711,huggingface:ambigqa,cc-by-sa-3.0,2025-09-02T17:10:50.515269,sewon/ambig_qa,light,train
70a2f1369bd15f99,ambigqa,2461403814842235149,huggingface:ambigqa,cc-by-sa-3.0,2025-09-02T17:10:50.515269,sewon/ambig_qa,light,train
1a77320fc560e021,ambigqa,8874155628093512783,huggingface:ambigqa,cc-by-sa-3.0,2025-09-02T17:10:50.515269,sewon/ambig_qa,light,train
e4ff0c0999f30064,ambigqa,-3987085921377590111,huggingface:ambigqa,cc-by-sa-3.0,2025-09-02T17:10:50.515269,sewon/ambig_qa,light,train
ab98125b35518266,ambigqa,-5252654481641015122,huggingface:ambigqa,cc-by-sa-3.0,2025-09-02T17:10:50.515269,sewon/ambig_qa,light,train
dc94320bcb31c250,ambigqa,4935647557411468240,huggingface:ambigqa,cc-by-sa-3.0,2025-09-02T17:10:50.515269,sewon/ambig_qa,light,train
c62d246ac243aa3c,ambigqa,6655612156292942474,huggingface:ambigqa,cc-by-sa-3.0,2025-09-02T17:10:50.515269,sewon/ambig_qa,light,train
43a7a167ccfc2cc0,ambigqa,380411544211116045,huggingface:ambigqa,cc-by-sa-3.0,2025-09-02T17:10:50.515269,sewon/ambig_qa,light,train
edd76e3dda8ef80e,ambigqa,-1632922854823814808,huggingface:ambigqa,cc-by-sa-3.0,2025-09-02T17:10:50.515269,sewon/ambig_qa,light,train
5ee7062764ab0f7e,ambigqa,-554190377840485201,huggingface:ambigqa,cc-by-sa-3.0,2025-09-02T17:10:50.515269,sewon/ambig_qa,light,train
407b2c51fbc8069a,ambigqa,-1418263699326033825,huggingface:ambigqa,cc-by-sa-3.0,2025-09-02T17:10:50.515269,sewon/ambig_qa,light,train
5c10fd068de31b36,ambigqa,-3646009549730386860,huggingface:ambigqa,cc-by-sa-3.0,2025-09-02T17:10:50.515269,sewon/ambig_qa,light,train
79471beebda6a3cb,ambigqa,-3326481077280280719,huggingface:ambigqa,cc-by-sa-3.0,2025-09-02T17:10:50.515269,sewon/ambig_qa,light,train
4bc8d82d0ad3fab9,ambigqa,-568636936416150712,huggingface:ambigqa,cc-by-sa-3.0,2025-09-02T17:10:50.515269,sewon/ambig_qa,light,train
ee4927ba55a3923c,ambigqa,7769061837730635466,huggingface:ambigqa,cc-by-sa-3.0,2025-09-02T17:10:50.515269,sewon/ambig_qa,light,train
6a08366836098b19,ambigqa,5163503063546066409,huggingface:ambigqa,cc-by-sa-3.0,2025-09-02T17:10:50.515269,sewon/ambig_qa,light,train
c9e725cf15cda08a,ambigqa,2948006481997108356,huggingface:ambigqa,cc-by-sa-3.0,2025-09-02T17:10:50.515269,sewon/ambig_qa,light,train
3a7e230b8a30f4be,ambigqa,797823664220494096,huggingface:ambigqa,cc-by-sa-3.0,2025-09-02T17:10:50.515269,sewon/ambig_qa,light,train
8b0f7b2b4dcea460,ambigqa,8396894601969104271,huggingface:ambigqa,cc-by-sa-3.0,2025-09-02T17:10:50.515269,sewon/ambig_qa,light,train
8f8b269f61d379c0,ambigqa,2422605926552012591,huggingface:ambigqa,cc-by-sa-3.0,2025-09-02T17:10:50.515269,sewon/ambig_qa,light,train
1fee6ae53ed31906,ambigqa,4813380737845046147,huggingface:ambigqa,cc-by-sa-3.0,2025-09-02T17:10:50.515269,sewon/ambig_qa,light,train
c5b2dc25d60c86c0,ambigqa,1686977533775896988,huggingface:ambigqa,cc-by-sa-3.0,2025-09-02T17:10:50.515269,sewon/ambig_qa,light,train
272cc015c665cc7b,ambigqa,-4346356527042289819,huggingface:ambigqa,cc-by-sa-3.0,2025-09-02T17:10:50.515269,sewon/ambig_qa,light,train
4863a7307bd987fe,ambigqa,6378807296590501467,huggingface:ambigqa,cc-by-sa-3.0,2025-09-02T17:10:50.515269,sewon/ambig_qa,light,train
8ca186acf4320365,ambigqa,7550329590348463483,huggingface:ambigqa,cc-by-sa-3.0,2025-09-02T17:10:50.515269,sewon/ambig_qa,light,train
d511490a504e035b,ambigqa,1696585547939608356,huggingface:ambigqa,cc-by-sa-3.0,2025-09-02T17:10:50.515269,sewon/ambig_qa,light,train
c41fe04ad518f6ab,ambigqa,8363516192822112952,huggingface:ambigqa,cc-by-sa-3.0,2025-09-02T17:10:50.515269,sewon/ambig_qa,light,train
5420a570aba0e33d,ambigqa,5478464760366680266,huggingface:ambigqa,cc-by-sa-3.0,2025-09-02T17:10:50.515269,sewon/ambig_qa,light,train
5d5470c718a6e6ee,ambigqa,-8299256126645328547,huggingface:ambigqa,cc-by-sa-3.0,2025-09-02T17:10:50.515269,sewon/ambig_qa,light,train
1e83fcbfac2b8a54,ambigqa,-8464915571535251869,huggingface:ambigqa,cc-by-sa-3.0,2025-09-02T17:10:50.515269,sewon/ambig_qa,light,train
2f00071372d7f301,ambigqa,-8763258719371316497,huggingface:ambigqa,cc-by-sa-3.0,2025-09-02T17:10:50.515269,sewon/ambig_qa,light,train
e5a49358fcecf1fd,ambigqa,-8904648380591290777,huggingface:ambigqa,cc-by-sa-3.0,2025-09-02T17:10:50.515269,sewon/ambig_qa,light,train
5aa8a241f7ccd5cb,ambigqa,-728768458666744436,huggingface:ambigqa,cc-by-sa-3.0,2025-09-02T17:10:50.515269,sewon/ambig_qa,light,train
ff585c855d51a3d1,ambigqa,2995876440875242696,huggingface:ambigqa,cc-by-sa-3.0,2025-09-02T17:10:50.515269,sewon/ambig_qa,light,train
f73a675146c75d94,ambigqa,-1251861966227806623,huggingface:ambigqa,cc-by-sa-3.0,2025-09-02T17:10:50.515269,sewon/ambig_qa,light,train
7095ebf15d898f3f,ambigqa,-5430273720359931869,huggingface:ambigqa,cc-by-sa-3.0,2025-09-02T17:10:50.515269,sewon/ambig_qa,light,train
9ef7ab4f159c9661,ambigqa,3695029494455379112,huggingface:ambigqa,cc-by-sa-3.0,2025-09-02T17:10:50.515269,sewon/ambig_qa,light,train
da5a2f03d59b7572,ambigqa,-8006692048920844364,huggingface:ambigqa,cc-by-sa-3.0,2025-09-02T17:10:50.515269,sewon/ambig_qa,light,train
ba99663b8939542b,ambigqa,6954936211200105249,huggingface:ambigqa,cc-by-sa-3.0,2025-09-02T17:10:50.515269,sewon/ambig_qa,light,train
af9105a7ae8cc38b,ambigqa,-4481052241158868613,huggingface:ambigqa,cc-by-sa-3.0,2025-09-02T17:10:50.515269,sewon/ambig_qa,light,train
7eb01f6ed2db3217,ambigqa,-6634850103100431616,huggingface:ambigqa,cc-by-sa-3.0,2025-09-02T17:10:50.515269,sewon/ambig_qa,light,train
2d85144e1a5602f4,ambigqa,-927048542854377552,huggingface:ambigqa,cc-by-sa-3.0,2025-09-02T17:10:50.515269,sewon/ambig_qa,light,train
cfe209d46e8a81f2,ambigqa,203297497300361195,huggingface:ambigqa,cc-by-sa-3.0,2025-09-02T17:10:50.515269,sewon/ambig_qa,light,train
65f7cce17df98556,ambigqa,-3661606786861813940,huggingface:ambigqa,cc-by-sa-3.0,2025-09-02T17:10:50.515269,sewon/ambig_qa,light,train
2a98dc8501c0fcb2,ambigqa,-4143857525450521403,huggingface:ambigqa,cc-by-sa-3.0,2025-09-02T17:10:50.515269,sewon/ambig_qa,light,train
ee5e20ad8a3fc7e7,ambigqa,-8404586620134690138,huggingface:ambigqa,cc-by-sa-3.0,2025-09-02T17:10:50.515269,sewon/ambig_qa,light,train
fc850bbef2d13744,ambigqa,3146777178148103274,huggingface:ambigqa,cc-by-sa-3.0,2025-09-02T17:10:50.515269,sewon/ambig_qa,light,train
5c6aa486082af7fd,ambigqa,115077217083176926,huggingface:ambigqa,cc-by-sa-3.0,2025-09-02T17:10:50.515269,sewon/ambig_qa,light,train
681cabea3924cbe0,ambigqa,8973682585519362105,huggingface:ambigqa,cc-by-sa-3.0,2025-09-02T17:10:50.515269,sewon/ambig_qa,light,train
af520c88b4f4a502,ambigqa,6047412176533222353,huggingface:ambigqa,cc-by-sa-3.0,2025-09-02T17:10:50.515269,sewon/ambig_qa,light,train
75d1be291a58ae8a,ambigqa,-9145444956854203798,huggingface:ambigqa,cc-by-sa-3.0,2025-09-02T17:10:50.515269,sewon/ambig_qa,light,train
08d804b4eb075c78,ambigqa,-6756588901320178787,huggingface:ambigqa,cc-by-sa-3.0,2025-09-02T17:10:50.515269,sewon/ambig_qa,light,train
29bdec989cffde5c,ambigqa,1122093401567504279,huggingface:ambigqa,cc-by-sa-3.0,2025-09-02T17:10:50.515269,sewon/ambig_qa,light,train
bcecd3ca3abefb27,ambigqa,2073074609229633831,huggingface:ambigqa,cc-by-sa-3.0,2025-09-02T17:10:50.515269,sewon/ambig_qa,light,train
e22c10321a9ddd9c,ambigqa,-5606483767330508671,huggingface:ambigqa,cc-by-sa-3.0,2025-09-02T17:10:50.515269,sewon/ambig_qa,light,train
6d7117f7def2cdc3,ambigqa,-2272541011654488615,huggingface:ambigqa,cc-by-sa-3.0,2025-09-02T17:10:50.515269,sewon/ambig_qa,light,train
7df57f8b29225056,ambigqa,5209515645518416566,huggingface:ambigqa,cc-by-sa-3.0,2025-09-02T17:10:50.515269,sewon/ambig_qa,light,train
35dd53d7e0fff479,ambigqa,-7767434984453717074,huggingface:ambigqa,cc-by-sa-3.0,2025-09-02T17:10:50.515269,sewon/ambig_qa,light,train
12d69b2fa490e567,ambigqa,-4469503464110108318,huggingface:ambigqa,cc-by-sa-3.0,2025-09-02T17:24:40.653823,sewon/ambig_qa,light,train
b49f857f91cb8404,ambigqa,4790842463458965203,huggingface:ambigqa,cc-by-sa-3.0,2025-09-02T17:24:40.653823,sewon/ambig_qa,light,train
008eace49560a88c,ambigqa,-6631915997977101143,huggingface:ambigqa,cc-by-sa-3.0,2025-09-02T17:24:40.653823,sewon/ambig_qa,light,train
56cc32e2109af148,ambigqa,-3098213414945179817,huggingface:ambigqa,cc-by-sa-3.0,2025-09-02T17:24:40.653823,sewon/ambig_qa,light,train
035484f22bb1681b,ambigqa,-927805218867163489,huggingface:ambigqa,cc-by-sa-3.0,2025-09-02T17:24:40.653823,sewon/ambig_qa,light,train
6deb2f242ae58a5c,ambigqa,-8765341210106443690,huggingface:ambigqa,cc-by-sa-3.0,2025-09-02T17:24:40.653823,sewon/ambig_qa,light,train
2696bdacf649f678,ambigqa,-8984315366060644345,huggingface:ambigqa,cc-by-sa-3.0,2025-09-02T17:24:40.653823,sewon/ambig_qa,light,train
21fe6484e578c6ab,ambigqa,-3359151041540098032,huggingface:ambigqa,cc-by-sa-3.0,2025-09-02T17:24:40.653823,sewon/ambig_qa,light,train
6719d45003016ae9,ambigqa,6601536662148726350,huggingface:ambigqa,cc-by-sa-3.0,2025-09-02T17:24:40.653823,sewon/ambig_qa,light,train
6b178b3427cfc85f,ambigqa,-4757397641844293607,huggingface:ambigqa,cc-by-sa-3.0,2025-09-02T17:24:40.653823,sewon/ambig_qa,light,train
645964bc3052f432,ambigqa,-6857918454805495301,huggingface:ambigqa,cc-by-sa-3.0,2025-09-02T17:24:40.653823,sewon/ambig_qa,light,train
44f66dd8d77d7534,ambigqa,-4132174036373265970,huggingface:ambigqa,cc-by-sa-3.0,2025-09-02T17:24:40.653823,sewon/ambig_qa,light,train
80c322386e05b32c,ambigqa,1561260788294720798,huggingface:ambigqa,cc-by-sa-3.0,2025-09-02T17:24:40.653823,sewon/ambig_qa,light,train
8e43ea7124ff1e76,ambigqa,-3609553841261159056,huggingface:ambigqa,cc-by-sa-3.0,2025-09-02T17:24:40.653823,sewon/ambig_qa,light,train
f24d412e8fc07f4b,ambigqa,128788970421661020,huggingface:ambigqa,cc-by-sa-3.0,2025-09-02T17:24:40.653823,sewon/ambig_qa,light,train
ca4938375da1bd68,ambigqa,4722519916015127979,huggingface:ambigqa,cc-by-sa-3.0,2025-09-02T17:24:40.653823,sewon/ambig_qa,light,train
f577b2a17e898422,ambigqa,-1911980845281550523,huggingface:ambigqa,cc-by-sa-3.0,2025-09-02T17:24:40.653823,sewon/ambig_qa,light,train
b13480329dc979d7,ambigqa,-8524801800420428358,huggingface:ambigqa,cc-by-sa-3.0,2025-09-02T17:24:40.653823,sewon/ambig_qa,light,train
cdec12e1032ebe93,ambigqa,4776000106366522865,huggingface:ambigqa,cc-by-sa-3.0,2025-09-02T17:24:40.653823,sewon/ambig_qa,light,train
9152b3011f7cc5ca,ambigqa,4723481094198751540,huggingface:ambigqa,cc-by-sa-3.0,2025-09-02T17:24:40.653823,sewon/ambig_qa,light,train
0cbaeeb22ff4b143,ambigqa,-7461719336882424985,huggingface:ambigqa,cc-by-sa-3.0,2025-09-02T17:24:40.653823,sewon/ambig_qa,light,train
d050f4e1d11f2896,ambigqa,6629199459601104475,huggingface:ambigqa,cc-by-sa-3.0,2025-09-02T17:24:40.653823,sewon/ambig_qa,light,train
8f35ab90a0807bbf,ambigqa,-1688500492894023725,huggingface:ambigqa,cc-by-sa-3.0,2025-09-02T17:24:40.653823,sewon/ambig_qa,light,train
565f5aafb6be320f,ambigqa,-4920697783415402962,huggingface:ambigqa,cc-by-sa-3.0,2025-09-02T17:24:40.653823,sewon/ambig_qa,light,train
b715d58a430262d5,ambigqa,-4950316745090894056,huggingface:ambigqa,cc-by-sa-3.0,2025-09-02T17:24:40.653823,sewon/ambig_qa,light,train
86d8531cd85cffc8,ambigqa,-8652199953083038138,huggingface:ambigqa,cc-by-sa-3.0,2025-09-02T17:24:40.653823,sewon/ambig_qa,light,train
0fe62686141d00f9,ambigqa,7030758716024791080,huggingface:ambigqa,cc-by-sa-3.0,2025-09-02T17:24:40.653823,sewon/ambig_qa,light,train
e1632ca77441b69a,ambigqa,1237920926774398276,huggingface:ambigqa,cc-by-sa-3.0,2025-09-02T17:24:40.653823,sewon/ambig_qa,light,train
407be13959b07fdf,ambigqa,4737873499269724327,huggingface:ambigqa,cc-by-sa-3.0,2025-09-02T17:24:40.653823,sewon/ambig_qa,light,train
8d383b6064510c35,ambigqa,4123548744340087331,huggingface:ambigqa,cc-by-sa-3.0,2025-09-02T17:24:40.653823,sewon/ambig_qa,light,train
5bc975297a211735,ambigqa,-3430387669519489370,huggingface:ambigqa,cc-by-sa-3.0,2025-09-02T17:24:40.653823,sewon/ambig_qa,light,train
c7459a3c47802e1d,ambigqa,6389345907245133102,huggingface:ambigqa,cc-by-sa-3.0,2025-09-02T17:24:40.653823,sewon/ambig_qa,light,train
27c4c430de748385,ambigqa,7063169977317265636,huggingface:ambigqa,cc-by-sa-3.0,2025-09-02T17:24:40.653823,sewon/ambig_qa,light,train
8adb9397f616bde2,ambigqa,-1672733591597131629,huggingface:ambigqa,cc-by-sa-3.0,2025-09-02T17:24:40.653823,sewon/ambig_qa,light,train
d03aa284ca4fd062,ambigqa,3459755935653104243,huggingface:ambigqa,cc-by-sa-3.0,2025-09-02T17:24:40.653823,sewon/ambig_qa,light,train
d87f22d49b98f240,ambigqa,-7563488770313519534,huggingface:ambigqa,cc-by-sa-3.0,2025-09-02T17:24:40.653823,sewon/ambig_qa,light,train
e236872fb28b045f,ambigqa,3630976503357786326,huggingface:ambigqa,cc-by-sa-3.0,2025-09-02T17:24:40.653823,sewon/ambig_qa,light,train
c01a2bd30b9054ff,ambigqa,5998037098651415370,huggingface:ambigqa,cc-by-sa-3.0,2025-09-02T17:24:40.653823,sewon/ambig_qa,light,train
a4bbec23df402d27,ambigqa,7208068189874944399,huggingface:ambigqa,cc-by-sa-3.0,2025-09-02T17:24:40.653823,sewon/ambig_qa,light,train
27d1d4e0d63be649,ambigqa,-3713688239328074547,huggingface:ambigqa,cc-by-sa-3.0,2025-09-02T17:24:40.653823,sewon/ambig_qa,light,train
9012627c18c7a70a,ambigqa,2034739379280412436,huggingface:ambigqa,cc-by-sa-3.0,2025-09-02T17:24:40.653823,sewon/ambig_qa,light,train
6798bc5d6f9e480d,ambigqa,8651809831547260844,huggingface:ambigqa,cc-by-sa-3.0,2025-09-02T17:24:40.653823,sewon/ambig_qa,light,train
45063889058dd6f1,ambigqa,1533477128984345682,huggingface:ambigqa,cc-by-sa-3.0,2025-09-02T17:24:40.653823,sewon/ambig_qa,light,train
c5100ec362d59c07,ambigqa,-5492391637682725131,huggingface:ambigqa,cc-by-sa-3.0,2025-09-02T17:24:40.653823,sewon/ambig_qa,light,train
e0b868b4b987cbaf,ambigqa,-2558199766533138150,huggingface:ambigqa,cc-by-sa-3.0,2025-09-02T17:24:40.653823,sewon/ambig_qa,light,train
90e6b724d25aecef,ambigqa,-6363994615218497826,huggingface:ambigqa,cc-by-sa-3.0,2025-09-02T17:24:40.653823,sewon/ambig_qa,light,train
27a97d2a089100a1,ambigqa,3855307908076704970,huggingface:ambigqa,cc-by-sa-3.0,2025-09-02T17:24:40.653823,sewon/ambig_qa,light,train
7e9ab89da42471e5,ambigqa,4063304367414770942,huggingface:ambigqa,cc-by-sa-3.0,2025-09-02T17:24:40.653823,sewon/ambig_qa,light,train
5def31f096423109,ambigqa,-4110639543763413474,huggingface:ambigqa,cc-by-sa-3.0,2025-09-02T17:24:40.653823,sewon/ambig_qa,light,train
506f295827221913,ambigqa,5150378125952226530,huggingface:ambigqa,cc-by-sa-3.0,2025-09-02T17:24:40.653823,sewon/ambig_qa,light,train
fb567745efbcfe66,ambigqa,-229557364858904345,huggingface:ambigqa,cc-by-sa-3.0,2025-09-02T17:24:40.653823,sewon/ambig_qa,light,train
07a53a42cdbeb850,ambigqa,-6875166619428307308,huggingface:ambigqa,cc-by-sa-3.0,2025-09-02T17:24:40.653823,sewon/ambig_qa,light,train
8b482499b25d5495,ambigqa,5693531505008967478,huggingface:ambigqa,cc-by-sa-3.0,2025-09-02T17:24:40.653823,sewon/ambig_qa,light,train
36b1f90fbc667d42,ambigqa,7754002205765507756,huggingface:ambigqa,cc-by-sa-3.0,2025-09-02T17:24:40.653823,sewon/ambig_qa,light,train
c87451cbf8493030,ambigqa,-3944861237014469052,huggingface:ambigqa,cc-by-sa-3.0,2025-09-02T17:24:40.653823,sewon/ambig_qa,light,train
b1008d2456d6f51e,ambigqa,-2590664031903851316,huggingface:ambigqa,cc-by-sa-3.0,2025-09-02T17:24:40.653823,sewon/ambig_qa,light,train
2905968940ff488d,ambigqa,3204171409264914923,huggingface:ambigqa,cc-by-sa-3.0,2025-09-02T17:24:40.653823,sewon/ambig_qa,light,train
fd7377749e473931,ambigqa,3240942651859718397,huggingface:ambigqa,cc-by-sa-3.0,2025-09-02T17:24:40.653823,sewon/ambig_qa,light,train
037190caf422b963,ambigqa,2094392886389474592,huggingface:ambigqa,cc-by-sa-3.0,2025-09-02T17:24:40.653823,sewon/ambig_qa,light,train
73974b71e61a6dfc,ambigqa,4113432615092381478,huggingface:ambigqa,cc-by-sa-3.0,2025-09-02T17:24:40.653823,sewon/ambig_qa,light,train
f5f070e8bbf0d5af,ambigqa,-1617571755505770769,huggingface:ambigqa,cc-by-sa-3.0,2025-09-02T17:24:40.653823,sewon/ambig_qa,light,train
79cb8e8ac38cff43,ambigqa,-5968852733411945019,huggingface:ambigqa,cc-by-sa-3.0,2025-09-02T17:24:40.653823,sewon/ambig_qa,light,train
8699acc3993bfcd4,ambigqa,9118807424034544000,huggingface:ambigqa,cc-by-sa-3.0,2025-09-02T17:24:40.653823,sewon/ambig_qa,light,train
4171b31c2e132e01,ambigqa,6915912596627348551,huggingface:ambigqa,cc-by-sa-3.0,2025-09-02T17:24:40.653823,sewon/ambig_qa,light,train
f0e57505a39b0717,ambigqa,1332897475571730747,huggingface:ambigqa,cc-by-sa-3.0,2025-09-02T17:24:40.653823,sewon/ambig_qa,light,train
db912b7b1f718e06,ambigqa,-4283713808554560002,huggingface:ambigqa,cc-by-sa-3.0,2025-09-02T17:24:40.653823,sewon/ambig_qa,light,train
4200a734ced1391a,ambigqa,1109919554091311092,huggingface:ambigqa,cc-by-sa-3.0,2025-09-02T17:24:40.653823,sewon/ambig_qa,light,train
cb21b39d83733093,ambigqa,8505647719348789352,huggingface:ambigqa,cc-by-sa-3.0,2025-09-02T17:24:40.653823,sewon/ambig_qa,light,train
3a921c60e2180800,ambigqa,-8086186598590428328,huggingface:ambigqa,cc-by-sa-3.0,2025-09-02T17:24:40.653823,sewon/ambig_qa,light,train
6e3acb3a7d04bb47,ambigqa,2217144977440365678,huggingface:ambigqa,cc-by-sa-3.0,2025-09-02T17:24:40.653823,sewon/ambig_qa,light,train
ce6ed28782add84a,ambigqa,3141501970999254639,huggingface:ambigqa,cc-by-sa-3.0,2025-09-02T17:24:40.653823,sewon/ambig_qa,light,train
f1dcf8cf71d19c92,ambigqa,6267368935580291991,huggingface:ambigqa,cc-by-sa-3.0,2025-09-02T17:24:40.653823,sewon/ambig_qa,light,train
6b5d59dcdb7ddd9b,ambigqa,2375410666129136218,huggingface:ambigqa,cc-by-sa-3.0,2025-09-02T17:24:40.653823,sewon/ambig_qa,light,train
6f18488ee2e891a2,ambigqa,-1120514028652364195,huggingface:ambigqa,cc-by-sa-3.0,2025-09-02T17:24:40.653823,sewon/ambig_qa,light,train
0f64c79e715d88cc,ambigqa,369553729358573631,huggingface:ambigqa,cc-by-sa-3.0,2025-09-02T17:24:40.653823,sewon/ambig_qa,light,train
c097558773ad5d9b,ambigqa,-3521200059945079578,huggingface:ambigqa,cc-by-sa-3.0,2025-09-02T17:24:40.653823,sewon/ambig_qa,light,train
f4c4048686cf7630,ambigqa,-228017844504433803,huggingface:ambigqa,cc-by-sa-3.0,2025-09-02T17:24:40.653823,sewon/ambig_qa,light,train
7c3d18ee6fc2d538,ambigqa,-6567021105969776914,huggingface:ambigqa,cc-by-sa-3.0,2025-09-02T17:24:40.653823,sewon/ambig_qa,light,train
8b1bd52ee56a2357,ambigqa,3191215928530494096,huggingface:ambigqa,cc-by-sa-3.0,2025-09-02T17:24:40.653823,sewon/ambig_qa,light,train
b37b9427b61b09aa,ambigqa,-2071940157427414850,huggingface:ambigqa,cc-by-sa-3.0,2025-09-02T17:24:40.653823,sewon/ambig_qa,light,train
a05e3d3e25e8cf7e,ambigqa,-3800524559144424177,huggingface:ambigqa,cc-by-sa-3.0,2025-09-02T17:24:40.653823,sewon/ambig_qa,light,train
1013cfe6fe842c83,ambigqa,-6839117089970381436,huggingface:ambigqa,cc-by-sa-3.0,2025-09-02T17:24:40.653823,sewon/ambig_qa,light,train
9d1fa624d9615a93,ambigqa,-4490620988150231901,huggingface:ambigqa,cc-by-sa-3.0,2025-09-02T17:24:40.653823,sewon/ambig_qa,light,train
c7c466514bf881ad,ambigqa,1022217780810569079,huggingface:ambigqa,cc-by-sa-3.0,2025-09-02T17:24:40.653823,sewon/ambig_qa,light,train
aac48f06b598dc29,ambigqa,-862554052027960093,huggingface:ambigqa,cc-by-sa-3.0,2025-09-02T17:24:40.653823,sewon/ambig_qa,light,train
5d2b19f0c6299814,ambigqa,-3516190339598522976,huggingface:ambigqa,cc-by-sa-3.0,2025-09-02T17:24:40.653823,sewon/ambig_qa,light,train
b24759af04e5c26f,ambigqa,-7748524737773999409,huggingface:ambigqa,cc-by-sa-3.0,2025-09-02T17:24:40.653823,sewon/ambig_qa,light,train
b484e6bbe4bcb57c,ambigqa,3388798511401254812,huggingface:ambigqa,cc-by-sa-3.0,2025-09-02T17:24:40.653823,sewon/ambig_qa,light,train
86e764b4723bcf39,ambigqa,1459126538041943679,huggingface:ambigqa,cc-by-sa-3.0,2025-09-02T17:24:40.653823,sewon/ambig_qa,light,train
49ee4294d2e68e65,ambigqa,-8834069158837396685,huggingface:ambigqa,cc-by-sa-3.0,2025-09-02T17:24:40.653823,sewon/ambig_qa,light,train
eebbcb6372f47f17,ambigqa,-1757904552409029500,huggingface:ambigqa,cc-by-sa-3.0,2025-09-02T17:24:40.653823,sewon/ambig_qa,light,train
7f481b6789a11836,ambigqa,1004431282200370974,huggingface:ambigqa,cc-by-sa-3.0,2025-09-02T17:24:40.653823,sewon/ambig_qa,light,train
9d8e374f00c32f66,ambigqa,8184930622224282678,huggingface:ambigqa,cc-by-sa-3.0,2025-09-02T17:24:40.653823,sewon/ambig_qa,light,train
3f97e47248c99777,ambigqa,8631327196287980755,huggingface:ambigqa,cc-by-sa-3.0,2025-09-02T17:24:40.653823,sewon/ambig_qa,light,train
242b496d91893df3,ambigqa,-2593355371932719161,huggingface:ambigqa,cc-by-sa-3.0,2025-09-02T17:24:40.653823,sewon/ambig_qa,light,train
67cc66b1cc627294,ambigqa,2837484115382116119,huggingface:ambigqa,cc-by-sa-3.0,2025-09-02T17:24:40.653823,sewon/ambig_qa,light,train
eb6d7943d2e8142f,ambigqa,7199599312216372048,huggingface:ambigqa,cc-by-sa-3.0,2025-09-02T17:24:40.653823,sewon/ambig_qa,light,train
7d5c5b40b355c3c9,ambigqa,-8850169184954446631,huggingface:ambigqa,cc-by-sa-3.0,2025-09-02T17:24:40.653823,sewon/ambig_qa,light,train
f9802c6f93718510,ambigqa,-3897740693502172696,huggingface:ambigqa,cc-by-sa-3.0,2025-09-02T17:24:40.653823,sewon/ambig_qa,light,train
be9d6c6dc0895454,ambigqa,-3471432714621884410,huggingface:ambigqa,cc-by-sa-3.0,2025-09-02T17:24:40.653823,sewon/ambig_qa,light,train
bb5635d8c797a3f3,ambigqa,6373189865465953269,huggingface:ambigqa,cc-by-sa-3.0,2025-09-02T17:24:40.653823,sewon/ambig_qa,light,train
91ff2eb7a8a05ac9,ambigqa,8092598956660291215,huggingface:ambigqa,cc-by-sa-3.0,2025-09-02T17:24:40.653823,sewon/ambig_qa,light,train
e6a3cf49764776fd,ambigqa,62966941368680868,huggingface:ambigqa,cc-by-sa-3.0,2025-09-02T17:24:40.653823,sewon/ambig_qa,light,train
cf53cd3a52c9a6c8,ambigqa,5133876537670324411,huggingface:ambigqa,cc-by-sa-3.0,2025-09-02T17:24:40.653823,sewon/ambig_qa,light,train
3b8e79d860d692fd,ambigqa,8932763630388059887,huggingface:ambigqa,cc-by-sa-3.0,2025-09-02T17:24:40.653823,sewon/ambig_qa,light,train
75f9b37d5281d2e4,ambigqa,8923681797804610584,huggingface:ambigqa,cc-by-sa-3.0,2025-09-02T17:24:40.653823,sewon/ambig_qa,light,train
a3b7c47a97e2e9ef,ambigqa,-2938945366077744797,huggingface:ambigqa,cc-by-sa-3.0,2025-09-02T17:24:40.653823,sewon/ambig_qa,light,train
c18f002ca6c5f757,ambigqa,3527566788119942912,huggingface:ambigqa,cc-by-sa-3.0,2025-09-02T17:24:40.653823,sewon/ambig_qa,light,train
fed36977c6ce62e2,ambigqa,618489770509518870,huggingface:ambigqa,cc-by-sa-3.0,2025-09-02T17:24:40.653823,sewon/ambig_qa,light,train
1ac637778c370cc4,ambigqa,-652117253746563674,huggingface:ambigqa,cc-by-sa-3.0,2025-09-02T17:24:40.653823,sewon/ambig_qa,light,train
57ccb53efab3d92c,ambigqa,-2633917229646894638,huggingface:ambigqa,cc-by-sa-3.0,2025-09-02T17:24:40.653823,sewon/ambig_qa,light,train
3517b3f6fe962c96,ambigqa,-5955439966878959532,huggingface:ambigqa,cc-by-sa-3.0,2025-09-02T17:24:40.653823,sewon/ambig_qa,light,train
46764838d6d80f05,ambigqa,-586025167603300600,huggingface:ambigqa,cc-by-sa-3.0,2025-09-02T17:24:40.653823,sewon/ambig_qa,light,train
e0163f24d68fda22,ambigqa,4647818796298534404,huggingface:ambigqa,cc-by-sa-3.0,2025-09-02T17:24:40.653823,sewon/ambig_qa,light,train
78061e37cfa25384,ambigqa,-7869146853815250428,huggingface:ambigqa,cc-by-sa-3.0,2025-09-02T17:24:40.653823,sewon/ambig_qa,light,train
2e1783a7e3b37424,ambigqa,7125146488385376967,huggingface:ambigqa,cc-by-sa-3.0,2025-09-02T17:24:40.653823,sewon/ambig_qa,light,train
29e5b3cb4e4834b2,ambigqa,-6760592683069308709,huggingface:ambigqa,cc-by-sa-3.0,2025-09-02T17:24:40.653823,sewon/ambig_qa,light,train
57206c6f12addaa0,ambigqa,-2701905006672196275,huggingface:ambigqa,cc-by-sa-3.0,2025-09-02T17:24:40.653823,sewon/ambig_qa,light,train
a92c40467448e846,ambigqa,-4268291779673036451,huggingface:ambigqa,cc-by-sa-3.0,2025-09-02T17:24:40.653823,sewon/ambig_qa,light,train
77214f47087de7a3,ambigqa,6635381132510830269,huggingface:ambigqa,cc-by-sa-3.0,2025-09-02T17:24:40.653823,sewon/ambig_qa,light,train
1343b16653a832e0,ambigqa,6906756762659846441,huggingface:ambigqa,cc-by-sa-3.0,2025-09-02T17:24:40.653823,sewon/ambig_qa,light,train
973944cc00b7bf99,ambigqa,41813383673449160,huggingface:ambigqa,cc-by-sa-3.0,2025-09-02T17:24:40.653823,sewon/ambig_qa,light,train
baed8d9f05a521c6,ambigqa,5736313144411923989,huggingface:ambigqa,cc-by-sa-3.0,2025-09-02T17:24:40.653823,sewon/ambig_qa,light,train
1a51ea5f4d8d0184,ambigqa,2437211415582489495,huggingface:ambigqa,cc-by-sa-3.0,2025-09-02T17:24:40.653823,sewon/ambig_qa,light,train
71ee4ce3c5eb9962,ambigqa,4121961896432917626,huggingface:ambigqa,cc-by-sa-3.0,2025-09-02T17:24:40.653823,sewon/ambig_qa,light,train
b63535b041371ce8,ambigqa,3624155410679767933,huggingface:ambigqa,cc-by-sa-3.0,2025-09-02T17:24:40.653823,sewon/ambig_qa,light,train
9a422c3fd25e58cd,ambigqa,5277039265479571506,huggingface:ambigqa,cc-by-sa-3.0,2025-09-02T17:24:40.653823,sewon/ambig_qa,light,train
b7a2dc96eb44176a,ambigqa,-3139712300447252950,huggingface:ambigqa,cc-by-sa-3.0,2025-09-02T17:24:40.653823,sewon/ambig_qa,light,train
b6eab6bd640cf741,ambigqa,-2433903014343400592,huggingface:ambigqa,cc-by-sa-3.0,2025-09-02T17:24:40.653823,sewon/ambig_qa,light,train
ac47f390fd5ff995,ambigqa,8509594427725708011,huggingface:ambigqa,cc-by-sa-3.0,2025-09-02T17:24:40.653823,sewon/ambig_qa,light,train
d531bb87b5f3db27,ambigqa,637466759495656530,huggingface:ambigqa,cc-by-sa-3.0,2025-09-02T17:24:40.653823,sewon/ambig_qa,light,train
e6ed6cda5a5e3d08,ambigqa,4388511442090327281,huggingface:ambigqa,cc-by-sa-3.0,2025-09-02T17:24:40.653823,sewon/ambig_qa,light,train
2d8afcb5da631c90,ambigqa,4017581325391763586,huggingface:ambigqa,cc-by-sa-3.0,2025-09-02T17:24:40.653823,sewon/ambig_qa,light,train
f398f8200d0a0be9,ambigqa,-970242290152935238,huggingface:ambigqa,cc-by-sa-3.0,2025-09-02T17:24:40.653823,sewon/ambig_qa,light,train
04602e400676d5cb,ambigqa,-3051966899537699923,huggingface:ambigqa,cc-by-sa-3.0,2025-09-02T17:24:40.653823,sewon/ambig_qa,light,train
d1cb078c85af49b2,ambigqa,9031064052174526065,huggingface:ambigqa,cc-by-sa-3.0,2025-09-02T17:24:40.653823,sewon/ambig_qa,light,train
19f84466cfe2a869,ambigqa,5024251034005721621,huggingface:ambigqa,cc-by-sa-3.0,2025-09-02T17:24:40.653823,sewon/ambig_qa,light,train
94620fd663ffb10c,ambigqa,-2931155045227159791,huggingface:ambigqa,cc-by-sa-3.0,2025-09-02T17:24:40.653823,sewon/ambig_qa,light,train
f1ff4738c9157c3b,ambigqa,5872845962420620183,huggingface:ambigqa,cc-by-sa-3.0,2025-09-02T17:24:40.653823,sewon/ambig_qa,light,train
0cbe26e17a46c55c,ambigqa,3366606900654441491,huggingface:ambigqa,cc-by-sa-3.0,2025-09-02T17:24:40.653823,sewon/ambig_qa,light,train
5f027d1a23498b9f,ambigqa,3475414091580580387,huggingface:ambigqa,cc-by-sa-3.0,2025-09-02T17:24:40.653823,sewon/ambig_qa,light,train
dcf942df4eaf85e5,ambigqa,8704046441982292961,huggingface:ambigqa,cc-by-sa-3.0,2025-09-02T17:24:40.653823,sewon/ambig_qa,light,train
28ad0d6bcb1e5301,ambigqa,5297174100764498711,huggingface:ambigqa,cc-by-sa-3.0,2025-09-02T17:24:40.653823,sewon/ambig_qa,light,train
04eb783c51470ebb,ambigqa,2461403814842235149,huggingface:ambigqa,cc-by-sa-3.0,2025-09-02T17:24:40.653823,sewon/ambig_qa,light,train
cfa91f4a5e7bfcf5,ambigqa,8874155628093512783,huggingface:ambigqa,cc-by-sa-3.0,2025-09-02T17:24:40.653823,sewon/ambig_qa,light,train
25c66180dfab4c7f,ambigqa,-3987085921377590111,huggingface:ambigqa,cc-by-sa-3.0,2025-09-02T17:24:40.653823,sewon/ambig_qa,light,train
0900752dc10bef74,ambigqa,-5252654481641015122,huggingface:ambigqa,cc-by-sa-3.0,2025-09-02T17:24:40.653823,sewon/ambig_qa,light,train
f2d6a9318451b1e8,ambigqa,4935647557411468240,huggingface:ambigqa,cc-by-sa-3.0,2025-09-02T17:24:40.653823,sewon/ambig_qa,light,train
1cbde0941f3e33d2,ambigqa,6655612156292942474,huggingface:ambigqa,cc-by-sa-3.0,2025-09-02T17:24:40.653823,sewon/ambig_qa,light,train
d45e5e1ca532b507,ambigqa,380411544211116045,huggingface:ambigqa,cc-by-sa-3.0,2025-09-02T17:24:40.653823,sewon/ambig_qa,light,train
64060e8027e5fe6c,ambigqa,-1632922854823814808,huggingface:ambigqa,cc-by-sa-3.0,2025-09-02T17:24:40.653823,sewon/ambig_qa,light,train
3eba15a47add351a,ambigqa,-554190377840485201,huggingface:ambigqa,cc-by-sa-3.0,2025-09-02T17:24:40.653823,sewon/ambig_qa,light,train
bf47d1232464788b,ambigqa,-1418263699326033825,huggingface:ambigqa,cc-by-sa-3.0,2025-09-02T17:24:40.653823,sewon/ambig_qa,light,train
797684cfed6baea2,ambigqa,-3646009549730386860,huggingface:ambigqa,cc-by-sa-3.0,2025-09-02T17:24:40.653823,sewon/ambig_qa,light,train
9e6ec00a180e50d8,ambigqa,-3326481077280280719,huggingface:ambigqa,cc-by-sa-3.0,2025-09-02T17:24:40.653823,sewon/ambig_qa,light,train
e8b1c4ed04004a52,ambigqa,-568636936416150712,huggingface:ambigqa,cc-by-sa-3.0,2025-09-02T17:24:40.653823,sewon/ambig_qa,light,train
c392b68c3b0ee182,ambigqa,7769061837730635466,huggingface:ambigqa,cc-by-sa-3.0,2025-09-02T17:24:40.653823,sewon/ambig_qa,light,train
e419a76dc4307ef8,ambigqa,5163503063546066409,huggingface:ambigqa,cc-by-sa-3.0,2025-09-02T17:24:40.653823,sewon/ambig_qa,light,train
d097dad26c2e4dfe,ambigqa,2948006481997108356,huggingface:ambigqa,cc-by-sa-3.0,2025-09-02T17:24:40.653823,sewon/ambig_qa,light,train
c236d6a69968135e,ambigqa,797823664220494096,huggingface:ambigqa,cc-by-sa-3.0,2025-09-02T17:24:40.653823,sewon/ambig_qa,light,train
d67582da806be49c,ambigqa,8396894601969104271,huggingface:ambigqa,cc-by-sa-3.0,2025-09-02T17:24:40.653823,sewon/ambig_qa,light,train
e296725b4644c36d,ambigqa,2422605926552012591,huggingface:ambigqa,cc-by-sa-3.0,2025-09-02T17:24:40.653823,sewon/ambig_qa,light,train
6e6e9cc576bbf5f1,ambigqa,4813380737845046147,huggingface:ambigqa,cc-by-sa-3.0,2025-09-02T17:24:40.653823,sewon/ambig_qa,light,train
e04464e79b64ab3a,ambigqa,1686977533775896988,huggingface:ambigqa,cc-by-sa-3.0,2025-09-02T17:24:40.653823,sewon/ambig_qa,light,train
2794227e1e9820d1,ambigqa,-4346356527042289819,huggingface:ambigqa,cc-by-sa-3.0,2025-09-02T17:24:40.653823,sewon/ambig_qa,light,train
755ab892b4359509,ambigqa,6378807296590501467,huggingface:ambigqa,cc-by-sa-3.0,2025-09-02T17:24:40.653823,sewon/ambig_qa,light,train
1ddf331a445f3c7a,ambigqa,7550329590348463483,huggingface:ambigqa,cc-by-sa-3.0,2025-09-02T17:24:40.653823,sewon/ambig_qa,light,train
7fd23e12b7aa1ecc,ambigqa,1696585547939608356,huggingface:ambigqa,cc-by-sa-3.0,2025-09-02T17:24:40.653823,sewon/ambig_qa,light,train
14a5740bafc07305,ambigqa,8363516192822112952,huggingface:ambigqa,cc-by-sa-3.0,2025-09-02T17:24:40.653823,sewon/ambig_qa,light,train
e8d86b0d1cb98c80,ambigqa,5478464760366680266,huggingface:ambigqa,cc-by-sa-3.0,2025-09-02T17:24:40.653823,sewon/ambig_qa,light,train
3d831808aaf02e96,ambigqa,-8299256126645328547,huggingface:ambigqa,cc-by-sa-3.0,2025-09-02T17:24:40.653823,sewon/ambig_qa,light,train
78e9952a50e7f553,ambigqa,-8464915571535251869,huggingface:ambigqa,cc-by-sa-3.0,2025-09-02T17:24:40.653823,sewon/ambig_qa,light,train
17016719f10a9baa,ambigqa,-8763258719371316497,huggingface:ambigqa,cc-by-sa-3.0,2025-09-02T17:24:40.653823,sewon/ambig_qa,light,train
b53be03f1611ef47,ambigqa,-8904648380591290777,huggingface:ambigqa,cc-by-sa-3.0,2025-09-02T17:24:40.653823,sewon/ambig_qa,light,train
9ad71591b677661e,ambigqa,-728768458666744436,huggingface:ambigqa,cc-by-sa-3.0,2025-09-02T17:24:40.653823,sewon/ambig_qa,light,train
ba66ce5badbd1b79,ambigqa,2995876440875242696,huggingface:ambigqa,cc-by-sa-3.0,2025-09-02T17:24:40.653823,sewon/ambig_qa,light,train
7ebfa1d70b1ce9a9,ambigqa,-1251861966227806623,huggingface:ambigqa,cc-by-sa-3.0,2025-09-02T17:24:40.653823,sewon/ambig_qa,light,train
299cca85126b598c,ambigqa,-5430273720359931869,huggingface:ambigqa,cc-by-sa-3.0,2025-09-02T17:24:40.653823,sewon/ambig_qa,light,train
8b03d1be77e4320f,ambigqa,3695029494455379112,huggingface:ambigqa,cc-by-sa-3.0,2025-09-02T17:24:40.653823,sewon/ambig_qa,light,train
21be5920fb6d1d16,ambigqa,-8006692048920844364,huggingface:ambigqa,cc-by-sa-3.0,2025-09-02T17:24:40.653823,sewon/ambig_qa,light,train
fce84239d87ad631,ambigqa,6954936211200105249,huggingface:ambigqa,cc-by-sa-3.0,2025-09-02T17:24:40.653823,sewon/ambig_qa,light,train
4cb27862df268326,ambigqa,-4481052241158868613,huggingface:ambigqa,cc-by-sa-3.0,2025-09-02T17:24:40.653823,sewon/ambig_qa,light,train
13875567c9612a9f,ambigqa,-6634850103100431616,huggingface:ambigqa,cc-by-sa-3.0,2025-09-02T17:24:40.653823,sewon/ambig_qa,light,train
d62f370c116073f5,ambigqa,-927048542854377552,huggingface:ambigqa,cc-by-sa-3.0,2025-09-02T17:24:40.653823,sewon/ambig_qa,light,train
95dc8255a150b722,ambigqa,203297497300361195,huggingface:ambigqa,cc-by-sa-3.0,2025-09-02T17:24:40.653823,sewon/ambig_qa,light,train
80a56b89e344ffff,ambigqa,-3661606786861813940,huggingface:ambigqa,cc-by-sa-3.0,2025-09-02T17:24:40.653823,sewon/ambig_qa,light,train
65956d7b3e2827ec,ambigqa,-4143857525450521403,huggingface:ambigqa,cc-by-sa-3.0,2025-09-02T17:24:40.653823,sewon/ambig_qa,light,train
1d658cee1030a0df,ambigqa,-8404586620134690138,huggingface:ambigqa,cc-by-sa-3.0,2025-09-02T17:24:40.653823,sewon/ambig_qa,light,train
cca39d93b3846773,ambigqa,3146777178148103274,huggingface:ambigqa,cc-by-sa-3.0,2025-09-02T17:24:40.653823,sewon/ambig_qa,light,train
b594afc2c80f217d,ambigqa,115077217083176926,huggingface:ambigqa,cc-by-sa-3.0,2025-09-02T17:24:40.653823,sewon/ambig_qa,light,train
789dcb456522c63a,ambigqa,8973682585519362105,huggingface:ambigqa,cc-by-sa-3.0,2025-09-02T17:24:40.653823,sewon/ambig_qa,light,train
2d264a3de2ca3989,ambigqa,6047412176533222353,huggingface:ambigqa,cc-by-sa-3.0,2025-09-02T17:24:40.653823,sewon/ambig_qa,light,train
b3a44bf3ca5e5fa1,ambigqa,-9145444956854203798,huggingface:ambigqa,cc-by-sa-3.0,2025-09-02T17:24:40.653823,sewon/ambig_qa,light,train
3586fa177e164a64,ambigqa,-6756588901320178787,huggingface:ambigqa,cc-by-sa-3.0,2025-09-02T17:24:40.653823,sewon/ambig_qa,light,train
72cc388bdcf0178a,ambigqa,1122093401567504279,huggingface:ambigqa,cc-by-sa-3.0,2025-09-02T17:24:40.653823,sewon/ambig_qa,light,train
3eeb1422f2750714,ambigqa,2073074609229633831,huggingface:ambigqa,cc-by-sa-3.0,2025-09-02T17:24:40.653823,sewon/ambig_qa,light,train
d711bfa2526444d7,ambigqa,-5606483767330508671,huggingface:ambigqa,cc-by-sa-3.0,2025-09-02T17:24:40.653823,sewon/ambig_qa,light,train
5335e7e57fc34cd1,ambigqa,-2272541011654488615,huggingface:ambigqa,cc-by-sa-3.0,2025-09-02T17:24:40.653823,sewon/ambig_qa,light,train
06104a56f51028b1,ambigqa,5209515645518416566,huggingface:ambigqa,cc-by-sa-3.0,2025-09-02T17:24:40.653823,sewon/ambig_qa,light,train
d6eabdfd698b9506,ambigqa,-7767434984453717074,huggingface:ambigqa,cc-by-sa-3.0,2025-09-02T17:24:40.653823,sewon/ambig_qa,light,train
